#YY,MM,DD,hh,mm,ss,T,HEIGHT
2011,03,13,0,0,0,1,4449.852
2011,03,12,23,45,0,1,4449.899
2011,03,12,23,30,0,1,4449.904
2011,03,12,23,15,0,1,4449.942
2011,03,12,23,0,0,1,4450.005
2011,03,12,22,45,0,1,4450.046
2011,03,12,22,30,0,1,4450.091
2011,03,12,22,15,0,1,4450.159
2011,03,12,22,0,0,1,4450.222
2011,03,12,21,45,0,1,4450.264
2011,03,12,21,30,0,1,4450.353
2011,03,12,21,15,0,1,4450.425
2011,03,12,21,0,0,1,4450.455
2011,03,12,20,45,0,1,4450.48
2011,03,12,20,30,0,1,4450.559
2011,03,12,20,15,0,1,4450.627
2011,03,12,20,0,0,1,4450.67
2011,03,12,19,45,0,1,4450.691
2011,03,12,19,30,0,1,4450.718
2011,03,12,19,15,0,1,4450.761
2011,03,12,19,0,0,1,4450.768
2011,03,12,18,57,54,2,4450.773
2011,03,12,18,56,54,2,4450.776
2011,03,12,18,55,54,2,4450.778
2011,03,12,18,54,54,2,4450.784
2011,03,12,18,53,54,2,4450.786
2011,03,12,18,52,54,2,4450.795
2011,03,12,18,51,54,2,4450.814
2011,03,12,18,50,54,2,4450.818
2011,03,12,18,49,54,2,4450.811
2011,03,12,18,48,54,2,4450.797
2011,03,12,18,47,54,2,4450.792
2011,03,12,18,46,54,2,4450.784
2011,03,12,18,45,54,2,4450.771
2011,03,12,18,45,0,1,9999
2011,03,12,18,44,54,2,4450.768
2011,03,12,18,43,54,2,4450.77
2011,03,12,18,42,54,2,4450.769
2011,03,12,18,41,54,2,4450.767
2011,03,12,18,40,54,2,4450.763
2011,03,12,18,39,54,2,4450.761
2011,03,12,18,38,54,2,4450.762
2011,03,12,18,37,54,2,4450.756
2011,03,12,18,36,54,2,4450.757
2011,03,12,18,35,54,2,4450.747
2011,03,12,18,34,54,2,4450.741
2011,03,12,18,33,54,2,4450.746
2011,03,12,18,32,54,2,4450.739
2011,03,12,18,31,54,2,4450.742
2011,03,12,18,30,54,2,4450.756
2011,03,12,18,30,0,1,9999
2011,03,12,18,29,54,2,4450.756
2011,03,12,18,28,54,2,4450.756
2011,03,12,18,27,54,2,4450.754
2011,03,12,18,26,54,2,4450.761
2011,03,12,18,25,54,2,4450.774
2011,03,12,18,24,54,2,4450.781
2011,03,12,18,23,54,2,4450.778
2011,03,12,18,22,54,2,4450.777
2011,03,12,18,21,54,2,4450.773
2011,03,12,18,20,54,2,4450.772
2011,03,12,18,19,54,2,4450.779
2011,03,12,18,18,54,2,4450.777
2011,03,12,18,17,54,2,4450.784
2011,03,12,18,16,54,2,4450.791
2011,03,12,18,15,54,2,4450.789
2011,03,12,18,15,0,1,9999
2011,03,12,18,14,54,2,4450.78
2011,03,12,18,13,54,2,4450.77
2011,03,12,18,12,54,2,4450.768
2011,03,12,18,11,54,2,4450.76
2011,03,12,18,10,54,2,4450.757
2011,03,12,18,9,54,2,4450.755
2011,03,12,18,8,54,2,4450.74
2011,03,12,18,7,54,2,4450.747
2011,03,12,18,6,54,2,4450.752
2011,03,12,18,5,54,2,4450.747
2011,03,12,18,4,54,2,4450.749
2011,03,12,18,3,54,2,4450.746
2011,03,12,18,2,54,2,4450.739
2011,03,12,18,1,54,2,4450.736
2011,03,12,18,0,54,2,4450.732
2011,03,12,18,0,0,1,9999
2011,03,12,17,59,54,2,4450.733
2011,03,12,17,58,54,2,4450.73
2011,03,12,17,57,54,2,4450.733
2011,03,12,17,56,54,2,4450.734
2011,03,12,17,55,54,2,4450.726
2011,03,12,17,54,54,2,4450.718
2011,03,12,17,53,54,2,4450.715
2011,03,12,17,52,54,2,4450.714
2011,03,12,17,51,54,2,4450.717
2011,03,12,17,50,54,2,4450.717
2011,03,12,17,49,54,2,4450.716
2011,03,12,17,48,54,2,4450.719
2011,03,12,17,47,54,2,4450.722
2011,03,12,17,46,54,2,4450.71
2011,03,12,17,45,54,2,4450.699
2011,03,12,17,45,0,1,9999
2011,03,12,17,44,54,2,4450.702
2011,03,12,17,43,54,2,4450.704
2011,03,12,17,42,54,2,4450.699
2011,03,12,17,41,54,2,4450.698
2011,03,12,17,40,54,2,4450.686
2011,03,12,17,39,54,2,4450.686
2011,03,12,17,38,54,2,4450.684
2011,03,12,17,37,54,2,4450.688
2011,03,12,17,36,54,2,4450.696
2011,03,12,17,35,54,2,4450.693
2011,03,12,17,34,54,2,4450.692
2011,03,12,17,33,54,2,4450.689
2011,03,12,17,32,54,2,4450.685
2011,03,12,17,31,54,2,4450.681
2011,03,12,17,30,54,2,4450.675
2011,03,12,17,30,0,1,9999
2011,03,12,17,29,54,2,4450.67
2011,03,12,17,28,54,2,4450.655
2011,03,12,17,27,54,2,4450.655
2011,03,12,17,26,54,2,4450.651
2011,03,12,17,25,54,2,4450.647
2011,03,12,17,24,54,2,4450.655
2011,03,12,17,23,54,2,4450.659
2011,03,12,17,22,54,2,4450.66
2011,03,12,17,21,54,2,4450.66
2011,03,12,17,20,54,2,4450.655
2011,03,12,17,19,54,2,4450.653
2011,03,12,17,18,54,2,4450.653
2011,03,12,17,17,54,2,4450.649
2011,03,12,17,16,54,2,4450.643
2011,03,12,17,15,54,2,4450.645
2011,03,12,17,15,0,1,9999
2011,03,12,17,14,54,2,4450.641
2011,03,12,17,13,54,2,4450.645
2011,03,12,17,12,54,2,4450.647
2011,03,12,17,11,54,2,4450.64
2011,03,12,17,10,54,2,4450.628
2011,03,12,17,9,54,2,4450.627
2011,03,12,17,8,54,2,4450.625
2011,03,12,17,7,54,2,4450.624
2011,03,12,17,6,54,2,4450.616
2011,03,12,17,5,54,2,4450.62
2011,03,12,17,4,54,2,4450.611
2011,03,12,17,3,54,2,4450.602
2011,03,12,17,2,54,2,4450.593
2011,03,12,17,1,54,2,4450.588
2011,03,12,17,0,54,2,4450.584
2011,03,12,17,0,0,1,9999
2011,03,12,16,59,54,2,4450.578
2011,03,12,16,58,54,2,4450.578
2011,03,12,16,57,54,2,4450.58
2011,03,12,16,56,54,2,4450.578
2011,03,12,16,55,54,2,4450.583
2011,03,12,16,54,54,2,4450.586
2011,03,12,16,53,54,2,4450.578
2011,03,12,16,52,54,2,4450.59
2011,03,12,16,51,54,2,4450.596
2011,03,12,16,50,54,2,4450.577
2011,03,12,16,49,54,2,4450.566
2011,03,12,16,48,54,2,4450.565
2011,03,12,16,47,54,2,4450.551
2011,03,12,16,46,54,2,4450.551
2011,03,12,16,45,54,2,4450.546
2011,03,12,16,45,0,1,9999
2011,03,12,16,44,54,2,4450.549
2011,03,12,16,43,54,2,4450.543
2011,03,12,16,42,54,2,4450.542
2011,03,12,16,41,54,2,4450.542
2011,03,12,16,40,54,2,4450.546
2011,03,12,16,39,54,2,4450.537
2011,03,12,16,38,54,2,4450.549
2011,03,12,16,37,54,2,4450.556
2011,03,12,16,36,54,2,4450.55
2011,03,12,16,35,54,2,4450.546
2011,03,12,16,34,54,2,4450.543
2011,03,12,16,33,54,2,4450.537
2011,03,12,16,32,54,2,4450.532
2011,03,12,16,31,54,2,4450.517
2011,03,12,16,30,54,2,4450.5
2011,03,12,16,30,0,1,9999
2011,03,12,16,29,54,2,4450.489
2011,03,12,16,28,54,2,4450.488
2011,03,12,16,27,54,2,4450.482
2011,03,12,16,26,54,2,4450.465
2011,03,12,16,25,54,2,4450.475
2011,03,12,16,24,54,2,4450.482
2011,03,12,16,23,54,2,4450.477
2011,03,12,16,22,54,2,4450.48
2011,03,12,16,21,54,2,4450.489
2011,03,12,16,20,54,2,4450.488
2011,03,12,16,19,54,2,4450.49
2011,03,12,16,18,54,2,4450.489
2011,03,12,16,17,54,2,4450.482
2011,03,12,16,16,54,2,4450.48
2011,03,12,16,15,54,2,4450.476
2011,03,12,16,15,0,1,9999
2011,03,12,16,14,54,2,4450.474
2011,03,12,16,13,54,2,4450.476
2011,03,12,16,12,54,2,4450.473
2011,03,12,16,11,54,2,4450.465
2011,03,12,16,10,54,2,4450.47
2011,03,12,16,9,54,2,4450.466
2011,03,12,16,8,54,2,4450.455
2011,03,12,16,7,54,2,4450.441
2011,03,12,16,6,54,2,4450.427
2011,03,12,16,5,54,2,4450.412
2011,03,12,16,4,54,2,4450.389
2011,03,12,16,3,54,2,4450.387
2011,03,12,16,2,54,2,4450.378
2011,03,12,16,1,54,2,4450.361
2011,03,12,16,0,54,2,4450.362
2011,03,12,16,0,0,1,9999
2011,03,12,15,59,54,2,4450.368
2011,03,12,15,58,54,2,4450.354
2011,03,12,15,57,54,2,4450.348
2011,03,12,15,56,54,2,4450.342
2011,03,12,15,55,54,2,4450.337
2011,03,12,15,54,54,2,4450.353
2011,03,12,15,53,54,2,4450.352
2011,03,12,15,52,54,2,4450.336
2011,03,12,15,51,54,2,4450.334
2011,03,12,15,50,54,2,4450.331
2011,03,12,15,49,54,2,4450.327
2011,03,12,15,48,54,2,4450.332
2011,03,12,15,47,54,2,4450.329
2011,03,12,15,46,54,2,4450.327
2011,03,12,15,45,54,2,4450.33
2011,03,12,15,45,0,1,9999
2011,03,12,15,44,54,2,4450.338
2011,03,12,15,43,54,2,4450.335
2011,03,12,15,42,54,2,4450.32
2011,03,12,15,41,54,2,4450.314
2011,03,12,15,40,54,2,4450.3
2011,03,12,15,39,54,2,4450.29
2011,03,12,15,38,54,2,4450.273
2011,03,12,15,37,54,2,4450.256
2011,03,12,15,36,54,2,4450.245
2011,03,12,15,35,54,2,4450.241
2011,03,12,15,34,54,2,4450.24
2011,03,12,15,33,54,2,4450.24
2011,03,12,15,32,54,2,4450.238
2011,03,12,15,31,54,2,4450.245
2011,03,12,15,30,54,2,4450.254
2011,03,12,15,30,0,1,9999
2011,03,12,15,29,54,2,4450.25
2011,03,12,15,28,54,2,4450.256
2011,03,12,15,27,54,2,4450.255
2011,03,12,15,26,54,2,4450.247
2011,03,12,15,25,54,2,4450.245
2011,03,12,15,24,54,2,4450.241
2011,03,12,15,23,54,2,4450.241
2011,03,12,15,22,54,2,4450.235
2011,03,12,15,21,54,2,4450.226
2011,03,12,15,20,54,2,4450.225
2011,03,12,15,19,54,2,4450.209
2011,03,12,15,18,54,2,4450.197
2011,03,12,15,17,54,2,4450.201
2011,03,12,15,16,54,2,4450.2
2011,03,12,15,15,54,2,4450.203
2011,03,12,15,15,0,1,9999
2011,03,12,15,14,54,2,4450.212
2011,03,12,15,13,54,2,4450.208
2011,03,12,15,12,54,2,4450.201
2011,03,12,15,11,54,2,4450.2
2011,03,12,15,10,54,2,4450.191
2011,03,12,15,9,54,2,4450.174
2011,03,12,15,8,54,2,4450.154
2011,03,12,15,7,54,2,4450.145
2011,03,12,15,6,54,2,4450.138
2011,03,12,15,5,54,2,4450.133
2011,03,12,15,4,54,2,4450.124
2011,03,12,15,3,54,2,4450.123
2011,03,12,15,2,54,2,4450.121
2011,03,12,15,1,54,2,4450.124
2011,03,12,15,0,54,2,4450.13
2011,03,12,15,0,0,1,9999
2011,03,12,14,59,54,2,4450.125
2011,03,12,14,58,54,2,4450.123
2011,03,12,14,57,54,2,4450.128
2011,03,12,14,56,54,2,4450.15
2011,03,12,14,55,54,2,4450.142
2011,03,12,14,54,54,2,4450.144
2011,03,12,14,53,54,2,4450.15
2011,03,12,14,52,54,2,4450.157
2011,03,12,14,51,54,2,4450.157
2011,03,12,14,50,54,2,4450.15
2011,03,12,14,49,54,2,4450.143
2011,03,12,14,48,54,2,4450.129
2011,03,12,14,47,54,2,4450.12
2011,03,12,14,46,54,2,4450.114
2011,03,12,14,45,54,2,4450.122
2011,03,12,14,45,0,1,9999
2011,03,12,14,44,54,2,4450.13
2011,03,12,14,43,54,2,4450.124
2011,03,12,14,42,54,2,4450.118
2011,03,12,14,41,54,2,4450.127
2011,03,12,14,40,54,2,4450.119
2011,03,12,14,39,54,2,4450.108
2011,03,12,14,38,54,2,4450.102
2011,03,12,14,37,54,2,4450.089
2011,03,12,14,36,54,2,4450.082
2011,03,12,14,35,54,2,4450.075
2011,03,12,14,34,54,2,4450.073
2011,03,12,14,33,54,2,4450.074
2011,03,12,14,32,54,2,4450.07
2011,03,12,14,31,54,2,4450.06
2011,03,12,14,30,54,2,4450.05
2011,03,12,14,30,0,1,9999
2011,03,12,14,29,54,2,4450.04
2011,03,12,14,28,54,2,4450.034
2011,03,12,14,27,54,2,4450.035
2011,03,12,14,26,54,2,4450.032
2011,03,12,14,25,54,2,4450.03
2011,03,12,14,24,54,2,4450.038
2011,03,12,14,23,54,2,4450.032
2011,03,12,14,22,54,2,4450.017
2011,03,12,14,21,54,2,4450.01
2011,03,12,14,20,54,2,4449.996
2011,03,12,14,19,54,2,4449.992
2011,03,12,14,18,54,2,4449.997
2011,03,12,14,17,54,2,4450.003
2011,03,12,14,16,54,2,4450.008
2011,03,12,14,15,54,2,4450.009
2011,03,12,14,15,0,1,9999
2011,03,12,14,14,54,2,4450.018
2011,03,12,14,13,54,2,4450.032
2011,03,12,14,12,54,2,4450.032
2011,03,12,14,11,54,2,4450.029
2011,03,12,14,10,54,2,4450.033
2011,03,12,14,9,54,2,4450.035
2011,03,12,14,8,54,2,4450.036
2011,03,12,14,7,54,2,4450.036
2011,03,12,14,6,54,2,4450.038
2011,03,12,14,5,54,2,4450.035
2011,03,12,14,4,54,2,4450.038
2011,03,12,14,3,54,2,4450.039
2011,03,12,14,2,54,2,4450.042
2011,03,12,14,1,54,2,4450.031
2011,03,12,14,0,54,2,4450.024
2011,03,12,14,0,0,1,9999
2011,03,12,13,59,54,2,4450.019
2011,03,12,13,58,54,2,4450.011
2011,03,12,13,57,54,2,4450.007
2011,03,12,13,56,54,2,4450.006
2011,03,12,13,55,54,2,4450.004
2011,03,12,13,54,54,2,4449.999
2011,03,12,13,53,54,2,4449.995
2011,03,12,13,52,54,2,4449.983
2011,03,12,13,51,54,2,4449.971
2011,03,12,13,50,54,2,4449.961
2011,03,12,13,49,54,2,4449.955
2011,03,12,13,48,54,2,4449.959
2011,03,12,13,47,54,2,4449.956
2011,03,12,13,46,54,2,4449.966
2011,03,12,13,45,54,2,4449.965
2011,03,12,13,45,0,1,9999
2011,03,12,13,44,54,2,4449.955
2011,03,12,13,43,54,2,4449.956
2011,03,12,13,42,54,2,4449.957
2011,03,12,13,41,54,2,4449.947
2011,03,12,13,40,54,2,4449.948
2011,03,12,13,39,54,2,4449.946
2011,03,12,13,38,54,2,4449.944
2011,03,12,13,37,54,2,4449.952
2011,03,12,13,36,54,2,4449.957
2011,03,12,13,35,54,2,4449.95
2011,03,12,13,34,54,2,4449.948
2011,03,12,13,33,54,2,4449.935
2011,03,12,13,32,54,2,4449.933
2011,03,12,13,31,54,2,4449.937
2011,03,12,13,30,54,2,4449.945
2011,03,12,13,30,0,1,9999
2011,03,12,13,29,54,2,4449.942
2011,03,12,13,28,54,2,4449.947
2011,03,12,13,27,54,2,4449.94
2011,03,12,13,26,54,2,4449.938
2011,03,12,13,25,54,2,4449.945
2011,03,12,13,24,54,2,4449.95
2011,03,12,13,23,54,2,4449.942
2011,03,12,13,22,54,2,4449.935
2011,03,12,13,21,54,2,4449.939
2011,03,12,13,20,54,2,4449.929
2011,03,12,13,19,54,2,4449.935
2011,03,12,13,18,54,2,4449.935
2011,03,12,13,17,54,2,4449.926
2011,03,12,13,16,54,2,4449.927
2011,03,12,13,15,54,2,4449.929
2011,03,12,13,15,0,1,9999
2011,03,12,13,14,54,2,4449.92
2011,03,12,13,13,54,2,4449.911
2011,03,12,13,12,54,2,4449.912
2011,03,12,13,11,54,2,4449.92
2011,03,12,13,10,54,2,4449.927
2011,03,12,13,9,54,2,4449.93
2011,03,12,13,8,54,2,4449.937
2011,03,12,13,7,54,2,4449.937
2011,03,12,13,6,54,2,4449.928
2011,03,12,13,5,54,2,4449.927
2011,03,12,13,4,54,2,4449.925
2011,03,12,13,3,54,2,4449.908
2011,03,12,13,2,54,2,4449.903
2011,03,12,13,1,54,2,4449.911
2011,03,12,13,0,54,2,4449.9
2011,03,12,13,0,0,1,9999
2011,03,12,12,59,54,2,4449.892
2011,03,12,12,58,54,2,4449.893
2011,03,12,12,57,54,2,4449.901
2011,03,12,12,56,54,2,4449.901
2011,03,12,12,55,54,2,4449.907
2011,03,12,12,54,54,2,4449.896
2011,03,12,12,53,54,2,4449.894
2011,03,12,12,52,54,2,4449.907
2011,03,12,12,51,54,2,4449.905
2011,03,12,12,50,54,2,4449.895
2011,03,12,12,49,54,2,4449.9
2011,03,12,12,48,54,2,4449.908
2011,03,12,12,47,54,2,4449.898
2011,03,12,12,46,54,2,4449.896
2011,03,12,12,45,54,2,4449.903
2011,03,12,12,45,0,1,9999
2011,03,12,12,44,54,2,4449.904
2011,03,12,12,43,54,2,4449.909
2011,03,12,12,42,54,2,4449.907
2011,03,12,12,41,54,2,4449.899
2011,03,12,12,40,54,2,4449.908
2011,03,12,12,39,54,2,4449.915
2011,03,12,12,38,54,2,4449.904
2011,03,12,12,37,54,2,4449.9
2011,03,12,12,36,54,2,4449.902
2011,03,12,12,35,54,2,4449.905
2011,03,12,12,34,54,2,4449.904
2011,03,12,12,33,54,2,4449.917
2011,03,12,12,32,54,2,4449.919
2011,03,12,12,31,54,2,4449.915
2011,03,12,12,30,54,2,4449.918
2011,03,12,12,30,0,1,9999
2011,03,12,12,29,54,2,4449.911
2011,03,12,12,28,54,2,4449.904
2011,03,12,12,27,54,2,4449.901
2011,03,12,12,26,54,2,4449.89
2011,03,12,12,25,54,2,4449.881
2011,03,12,12,24,54,2,4449.885
2011,03,12,12,23,54,2,4449.878
2011,03,12,12,22,54,2,4449.866
2011,03,12,12,21,54,2,4449.872
2011,03,12,12,20,54,2,4449.872
2011,03,12,12,19,54,2,4449.88
2011,03,12,12,18,54,2,4449.892
2011,03,12,12,17,54,2,4449.893
2011,03,12,12,16,54,2,4449.895
2011,03,12,12,15,54,2,4449.917
2011,03,12,12,15,0,1,9999
2011,03,12,12,14,54,2,4449.922
2011,03,12,12,13,54,2,4449.925
2011,03,12,12,12,54,2,4449.927
2011,03,12,12,11,54,2,4449.922
2011,03,12,12,10,54,2,4449.924
2011,03,12,12,9,54,2,4449.906
2011,03,12,12,8,54,2,4449.91
2011,03,12,12,7,54,2,4449.915
2011,03,12,12,6,54,2,4449.931
2011,03,12,12,5,54,2,4449.934
2011,03,12,12,4,54,2,4449.93
2011,03,12,12,3,54,2,4449.922
2011,03,12,12,2,54,2,4449.928
2011,03,12,12,1,54,2,4449.928
2011,03,12,12,0,54,2,4449.92
2011,03,12,12,0,0,1,9999
2011,03,12,11,59,54,2,4449.925
2011,03,12,11,58,54,2,4449.922
2011,03,12,11,57,54,2,4449.914
2011,03,12,11,56,54,2,4449.907
2011,03,12,11,55,54,2,4449.915
2011,03,12,11,54,54,2,4449.933
2011,03,12,11,53,54,2,4449.935
2011,03,12,11,52,54,2,4449.946
2011,03,12,11,51,54,2,4449.946
2011,03,12,11,50,54,2,4449.952
2011,03,12,11,49,54,2,4449.956
2011,03,12,11,48,54,2,4449.962
2011,03,12,11,47,54,2,4449.951
2011,03,12,11,46,54,2,4449.943
2011,03,12,11,45,54,2,4449.95
2011,03,12,11,45,0,1,9999
2011,03,12,11,44,54,2,4449.956
2011,03,12,11,43,54,2,4449.948
2011,03,12,11,42,54,2,4449.944
2011,03,12,11,41,54,2,4449.943
2011,03,12,11,40,54,2,4449.944
2011,03,12,11,39,54,2,4449.955
2011,03,12,11,38,54,2,4449.968
2011,03,12,11,37,54,2,4449.962
2011,03,12,11,36,54,2,4449.979
2011,03,12,11,35,54,2,4449.986
2011,03,12,11,34,54,2,4449.98
2011,03,12,11,33,54,2,4449.977
2011,03,12,11,32,54,2,4449.974
2011,03,12,11,31,54,2,4449.969
2011,03,12,11,30,54,2,4449.969
2011,03,12,11,30,0,1,9999
2011,03,12,11,29,54,2,4449.976
2011,03,12,11,28,54,2,4449.987
2011,03,12,11,27,54,2,4449.992
2011,03,12,11,26,54,2,4449.999
2011,03,12,11,25,54,2,4450.004
2011,03,12,11,24,54,2,4450.016
2011,03,12,11,23,54,2,4450.031
2011,03,12,11,22,54,2,4450.015
2011,03,12,11,21,54,2,4450.028
2011,03,12,11,20,54,2,4450.039
2011,03,12,11,19,54,2,4450.034
2011,03,12,11,18,54,2,4450.038
2011,03,12,11,17,54,2,4450.036
2011,03,12,11,16,54,2,4450.029
2011,03,12,11,15,54,2,4450.035
2011,03,12,11,15,0,1,9999
2011,03,12,11,14,54,2,4450.029
2011,03,12,11,13,54,2,4450.026
2011,03,12,11,12,54,2,4450.014
2011,03,12,11,11,54,2,4450.021
2011,03,12,11,10,54,2,4450.035
2011,03,12,11,9,54,2,4450.035
2011,03,12,11,8,54,2,4450.04
2011,03,12,11,7,54,2,4450.052
2011,03,12,11,6,54,2,4450.059
2011,03,12,11,5,54,2,4450.055
2011,03,12,11,4,54,2,4450.054
2011,03,12,11,3,54,2,4450.053
2011,03,12,11,2,54,2,4450.06
2011,03,12,11,1,54,2,4450.065
2011,03,12,11,0,54,2,4450.057
2011,03,12,11,0,0,1,9999
2011,03,12,10,59,54,2,4450.058
2011,03,12,10,58,54,2,4450.054
2011,03,12,10,57,54,2,4450.047
2011,03,12,10,56,54,2,4450.062
2011,03,12,10,55,54,2,4450.06
2011,03,12,10,54,54,2,4450.06
2011,03,12,10,53,54,2,4450.084
2011,03,12,10,52,54,2,4450.092
2011,03,12,10,51,54,2,4450.086
2011,03,12,10,50,54,2,4450.088
2011,03,12,10,49,54,2,4450.091
2011,03,12,10,48,54,2,4450.095
2011,03,12,10,47,54,2,4450.105
2011,03,12,10,46,54,2,4450.105
2011,03,12,10,45,54,2,4450.099
2011,03,12,10,45,0,1,9999
2011,03,12,10,44,54,2,4450.102
2011,03,12,10,43,54,2,4450.106
2011,03,12,10,42,54,2,4450.105
2011,03,12,10,41,54,2,4450.111
2011,03,12,10,40,54,2,4450.117
2011,03,12,10,39,54,2,4450.128
2011,03,12,10,38,54,2,4450.129
2011,03,12,10,37,54,2,4450.126
2011,03,12,10,36,54,2,4450.13
2011,03,12,10,35,54,2,4450.137
2011,03,12,10,34,54,2,4450.154
2011,03,12,10,33,54,2,4450.169
2011,03,12,10,32,54,2,4450.171
2011,03,12,10,31,54,2,4450.174
2011,03,12,10,30,54,2,4450.169
2011,03,12,10,30,0,1,9999
2011,03,12,10,29,54,2,4450.166
2011,03,12,10,28,54,2,4450.172
2011,03,12,10,27,54,2,4450.179
2011,03,12,10,26,54,2,4450.192
2011,03,12,10,25,54,2,4450.184
2011,03,12,10,24,54,2,4450.195
2011,03,12,10,23,54,2,4450.198
2011,03,12,10,22,54,2,4450.191
2011,03,12,10,21,54,2,4450.198
2011,03,12,10,20,54,2,4450.216
2011,03,12,10,19,54,2,4450.221
2011,03,12,10,18,54,2,4450.218
2011,03,12,10,17,54,2,4450.225
2011,03,12,10,16,54,2,4450.234
2011,03,12,10,15,54,2,4450.24
2011,03,12,10,15,0,1,9999
2011,03,12,10,14,54,2,4450.244
2011,03,12,10,13,54,2,4450.243
2011,03,12,10,12,54,2,4450.256
2011,03,12,10,11,54,2,4450.265
2011,03,12,10,10,54,2,4450.268
2011,03,12,10,9,54,2,4450.271
2011,03,12,10,8,54,2,4450.274
2011,03,12,10,7,54,2,4450.268
2011,03,12,10,6,54,2,4450.262
2011,03,12,10,5,54,2,4450.248
2011,03,12,10,4,54,2,4450.26
2011,03,12,10,3,54,2,4450.262
2011,03,12,10,2,54,2,4450.268
2011,03,12,10,1,54,2,4450.268
2011,03,12,10,0,54,2,4450.27
2011,03,12,10,0,0,1,9999
2011,03,12,9,59,54,2,4450.266
2011,03,12,9,58,54,2,4450.268
2011,03,12,9,57,54,2,4450.28
2011,03,12,9,56,54,2,4450.295
2011,03,12,9,55,54,2,4450.291
2011,03,12,9,54,54,2,4450.307
2011,03,12,9,53,54,2,4450.313
2011,03,12,9,52,54,2,4450.307
2011,03,12,9,51,54,2,4450.324
2011,03,12,9,50,54,2,4450.333
2011,03,12,9,49,54,2,4450.331
2011,03,12,9,48,54,2,4450.33
2011,03,12,9,47,54,2,4450.325
2011,03,12,9,46,54,2,4450.323
2011,03,12,9,45,54,2,4450.319
2011,03,12,9,45,0,1,9999
2011,03,12,9,44,54,2,4450.313
2011,03,12,9,43,54,2,4450.324
2011,03,12,9,42,54,2,4450.334
2011,03,12,9,41,54,2,4450.327
2011,03,12,9,40,54,2,4450.321
2011,03,12,9,39,54,2,4450.33
2011,03,12,9,38,54,2,4450.342
2011,03,12,9,37,54,2,4450.341
2011,03,12,9,36,54,2,4450.347
2011,03,12,9,35,54,2,4450.356
2011,03,12,9,34,54,2,4450.355
2011,03,12,9,33,54,2,4450.373
2011,03,12,9,32,54,2,4450.387
2011,03,12,9,31,54,2,4450.389
2011,03,12,9,30,54,2,4450.401
2011,03,12,9,30,0,1,9999
2011,03,12,9,29,54,2,4450.405
2011,03,12,9,28,54,2,4450.417
2011,03,12,9,27,54,2,4450.424
2011,03,12,9,26,54,2,4450.434
2011,03,12,9,25,54,2,4450.445
2011,03,12,9,24,54,2,4450.449
2011,03,12,9,23,54,2,4450.448
2011,03,12,9,22,54,2,4450.438
2011,03,12,9,21,54,2,4450.443
2011,03,12,9,20,54,2,4450.444
2011,03,12,9,19,54,2,4450.45
2011,03,12,9,18,54,2,4450.461
2011,03,12,9,17,54,2,4450.464
2011,03,12,9,16,54,2,4450.468
2011,03,12,9,15,54,2,4450.47
2011,03,12,9,15,0,1,9999
2011,03,12,9,14,54,2,4450.472
2011,03,12,9,13,54,2,4450.469
2011,03,12,9,12,54,2,4450.475
2011,03,12,9,11,54,2,4450.475
2011,03,12,9,10,54,2,4450.491
2011,03,12,9,9,54,2,4450.495
2011,03,12,9,8,54,2,4450.505
2011,03,12,9,7,54,2,4450.504
2011,03,12,9,6,54,2,4450.504
2011,03,12,9,5,54,2,4450.507
2011,03,12,9,4,54,2,4450.507
2011,03,12,9,3,54,2,4450.506
2011,03,12,9,2,54,2,4450.514
2011,03,12,9,1,54,2,4450.521
2011,03,12,9,0,54,2,4450.525
2011,03,12,9,0,0,1,9999
2011,03,12,8,59,54,2,4450.524
2011,03,12,8,58,54,2,4450.53
2011,03,12,8,57,54,2,4450.545
2011,03,12,8,56,54,2,4450.54
2011,03,12,8,55,54,2,4450.544
2011,03,12,8,54,54,2,4450.54
2011,03,12,8,53,54,2,4450.56
2011,03,12,8,52,54,2,4450.558
2011,03,12,8,51,54,2,4450.568
2011,03,12,8,50,54,2,4450.559
2011,03,12,8,49,54,2,4450.575
2011,03,12,8,48,54,2,4450.564
2011,03,12,8,47,54,2,4450.564
2011,03,12,8,46,54,2,4450.557
2011,03,12,8,45,54,2,4450.56
2011,03,12,8,45,0,1,9999
2011,03,12,8,44,54,2,4450.57
2011,03,12,8,43,54,2,4450.585
2011,03,12,8,42,54,2,4450.584
2011,03,12,8,41,54,2,4450.587
2011,03,12,8,40,54,2,4450.578
2011,03,12,8,39,54,2,4450.578
2011,03,12,8,38,54,2,4450.589
2011,03,12,8,37,54,2,4450.59
2011,03,12,8,36,54,2,4450.615
2011,03,12,8,35,54,2,4450.612
2011,03,12,8,34,54,2,4450.612
2011,03,12,8,33,54,2,4450.62
2011,03,12,8,32,54,2,4450.632
2011,03,12,8,31,54,2,4450.632
2011,03,12,8,30,54,2,4450.619
2011,03,12,8,30,0,1,9999
2011,03,12,8,29,54,2,4450.633
2011,03,12,8,28,54,2,4450.643
2011,03,12,8,27,54,2,4450.637
2011,03,12,8,26,54,2,4450.644
2011,03,12,8,25,54,2,4450.652
2011,03,12,8,24,54,2,4450.649
2011,03,12,8,23,54,2,4450.66
2011,03,12,8,22,54,2,4450.66
2011,03,12,8,21,54,2,4450.657
2011,03,12,8,20,54,2,4450.666
2011,03,12,8,19,54,2,4450.672
2011,03,12,8,18,54,2,4450.68
2011,03,12,8,17,54,2,4450.676
2011,03,12,8,16,54,2,4450.665
2011,03,12,8,15,54,2,4450.662
2011,03,12,8,15,0,1,9999
2011,03,12,8,14,54,2,4450.664
2011,03,12,8,13,54,2,4450.657
2011,03,12,8,12,54,2,4450.66
2011,03,12,8,11,54,2,4450.66
2011,03,12,8,10,54,2,4450.675
2011,03,12,8,9,54,2,4450.674
2011,03,12,8,8,54,2,4450.674
2011,03,12,8,7,54,2,4450.671
2011,03,12,8,6,54,2,4450.688
2011,03,12,8,5,54,2,4450.697
2011,03,12,8,4,54,2,4450.705
2011,03,12,8,3,54,2,4450.718
2011,03,12,8,2,54,2,4450.729
2011,03,12,8,1,54,2,4450.736
2011,03,12,8,0,54,2,4450.747
2011,03,12,8,0,0,1,9999
2011,03,12,7,59,54,2,4450.747
2011,03,12,7,58,54,2,4450.737
2011,03,12,7,57,54,2,4450.745
2011,03,12,7,56,54,2,4450.752
2011,03,12,7,55,54,2,4450.748
2011,03,12,7,54,54,2,4450.745
2011,03,12,7,53,54,2,4450.75
2011,03,12,7,52,54,2,4450.759
2011,03,12,7,51,54,2,4450.758
2011,03,12,7,50,54,2,4450.754
2011,03,12,7,49,54,2,4450.757
2011,03,12,7,48,54,2,4450.763
2011,03,12,7,47,54,2,4450.772
2011,03,12,7,46,54,2,4450.76
2011,03,12,7,45,54,2,4450.753
2011,03,12,7,45,0,1,9999
2011,03,12,7,44,54,2,4450.752
2011,03,12,7,43,54,2,4450.746
2011,03,12,7,42,54,2,4450.75
2011,03,12,7,41,54,2,4450.753
2011,03,12,7,40,54,2,4450.764
2011,03,12,7,39,54,2,4450.774
2011,03,12,7,38,54,2,4450.77
2011,03,12,7,37,54,2,4450.78
2011,03,12,7,36,54,2,4450.77
2011,03,12,7,35,54,2,4450.761
2011,03,12,7,34,54,2,4450.777
2011,03,12,7,33,54,2,4450.792
2011,03,12,7,32,54,2,4450.786
2011,03,12,7,31,54,2,4450.792
2011,03,12,7,30,54,2,4450.811
2011,03,12,7,30,0,1,9999
2011,03,12,7,29,54,2,4450.806
2011,03,12,7,28,54,2,4450.798
2011,03,12,7,27,54,2,4450.804
2011,03,12,7,26,54,2,4450.812
2011,03,12,7,25,54,2,4450.816
2011,03,12,7,24,54,2,4450.832
2011,03,12,7,23,54,2,4450.831
2011,03,12,7,22,54,2,4450.832
2011,03,12,7,21,54,2,4450.834
2011,03,12,7,20,54,2,4450.841
2011,03,12,7,19,54,2,4450.837
2011,03,12,7,18,54,2,4450.821
2011,03,12,7,17,54,2,4450.826
2011,03,12,7,16,54,2,4450.832
2011,03,12,7,15,54,2,4450.812
2011,03,12,7,15,0,1,9999
2011,03,12,7,14,54,2,4450.818
2011,03,12,7,13,54,2,4450.821
2011,03,12,7,12,54,2,4450.82
2011,03,12,7,11,54,2,4450.823
2011,03,12,7,10,54,2,4450.814
2011,03,12,7,9,54,2,4450.827
2011,03,12,7,8,54,2,4450.822
2011,03,12,7,7,54,2,4450.827
2011,03,12,7,6,54,2,4450.816
2011,03,12,7,5,54,2,4450.818
2011,03,12,7,4,54,2,4450.84
2011,03,12,7,3,54,2,4450.841
2011,03,12,7,2,54,2,4450.839
2011,03,12,7,1,54,2,4450.843
2011,03,12,7,0,54,2,4450.842
2011,03,12,7,0,0,1,9999
2011,03,12,6,59,54,2,4450.837
2011,03,12,6,58,54,2,4450.844
2011,03,12,6,57,54,2,4450.849
2011,03,12,6,56,54,2,4450.855
2011,03,12,6,55,54,2,4450.875
2011,03,12,6,54,54,2,4450.873
2011,03,12,6,53,54,2,4450.87
2011,03,12,6,52,54,2,4450.88
2011,03,12,6,51,54,2,4450.865
2011,03,12,6,50,54,2,4450.862
2011,03,12,6,49,54,2,4450.868
2011,03,12,6,48,54,2,4450.862
2011,03,12,6,47,54,2,4450.862
2011,03,12,6,46,54,2,4450.856
2011,03,12,6,45,54,2,4450.844
2011,03,12,6,45,0,1,9999
2011,03,12,6,44,54,2,4450.836
2011,03,12,6,43,54,2,4450.832
2011,03,12,6,42,54,2,4450.835
2011,03,12,6,41,54,2,4450.831
2011,03,12,6,40,54,2,4450.822
2011,03,12,6,39,54,2,4450.835
2011,03,12,6,38,54,2,4450.841
2011,03,12,6,37,54,2,4450.85
2011,03,12,6,36,54,2,4450.843
2011,03,12,6,35,54,2,4450.832
2011,03,12,6,34,54,2,4450.834
2011,03,12,6,33,54,2,4450.822
2011,03,12,6,32,54,2,4450.823
2011,03,12,6,31,54,2,4450.828
2011,03,12,6,30,54,2,4450.823
2011,03,12,6,30,0,1,9999
2011,03,12,6,29,54,2,4450.823
2011,03,12,6,28,54,2,4450.839
2011,03,12,6,27,54,2,4450.843
2011,03,12,6,26,54,2,4450.832
2011,03,12,6,25,54,2,4450.836
2011,03,12,6,24,54,2,4450.839
2011,03,12,6,23,54,2,4450.836
2011,03,12,6,22,54,2,4450.837
2011,03,12,6,21,54,2,4450.831
2011,03,12,6,20,54,2,4450.828
2011,03,12,6,19,54,2,4450.842
2011,03,12,6,18,54,2,4450.849
2011,03,12,6,17,54,2,4450.844
2011,03,12,6,16,54,2,4450.838
2011,03,12,6,15,54,2,4450.83
2011,03,12,6,15,0,1,9999
2011,03,12,6,14,54,2,4450.841
2011,03,12,6,13,54,2,4450.826
2011,03,12,6,12,54,2,4450.822
2011,03,12,6,11,54,2,4450.836
2011,03,12,6,10,54,2,4450.824
2011,03,12,6,9,54,2,4450.816
2011,03,12,6,8,54,2,4450.809
2011,03,12,6,7,54,2,4450.815
2011,03,12,6,6,54,2,4450.815
2011,03,12,6,5,54,2,4450.832
2011,03,12,6,4,54,2,4450.834
2011,03,12,6,3,54,2,4450.811
2011,03,12,6,2,54,2,4450.804
2011,03,12,6,1,54,2,4450.816
2011,03,12,6,0,54,2,4450.829
2011,03,12,6,0,0,1,9999
2011,03,12,5,59,54,2,4450.818
2011,03,12,5,58,54,2,4450.828
2011,03,12,5,57,54,2,4450.84
2011,03,12,5,56,54,2,4450.84
2011,03,12,5,55,54,2,4450.833
2011,03,12,5,54,54,2,4450.817
2011,03,12,5,53,54,2,4450.82
2011,03,12,5,52,54,2,4450.825
2011,03,12,5,51,54,2,4450.831
2011,03,12,5,50,54,2,4450.838
2011,03,12,5,49,54,2,4450.851
2011,03,12,5,48,54,2,4450.844
2011,03,12,5,47,54,2,4450.837
2011,03,12,5,46,54,2,4450.828
2011,03,12,5,45,54,2,4450.847
2011,03,12,5,45,0,1,9999
2011,03,12,5,44,54,2,4450.852
2011,03,12,5,43,54,2,4450.832
2011,03,12,5,42,54,2,4450.832
2011,03,12,5,41,54,2,4450.814
2011,03,12,5,40,54,2,4450.813
2011,03,12,5,39,54,2,4450.803
2011,03,12,5,38,54,2,4450.802
2011,03,12,5,37,54,2,4450.823
2011,03,12,5,36,54,2,4450.816
2011,03,12,5,35,54,2,4450.811
2011,03,12,5,34,54,2,4450.801
2011,03,12,5,33,54,2,4450.806
2011,03,12,5,32,54,2,4450.794
2011,03,12,5,31,54,2,4450.779
2011,03,12,5,30,54,2,4450.767
2011,03,12,5,30,0,1,9999
2011,03,12,5,29,54,2,4450.766
2011,03,12,5,28,54,2,4450.776
2011,03,12,5,27,54,2,4450.763
2011,03,12,5,26,54,2,4450.773
2011,03,12,5,25,54,2,4450.761
2011,03,12,5,24,54,2,4450.749
2011,03,12,5,23,54,2,4450.743
2011,03,12,5,22,54,2,4450.743
2011,03,12,5,21,54,2,4450.746
2011,03,12,5,20,54,2,4450.733
2011,03,12,5,19,54,2,4450.734
2011,03,12,5,18,54,2,4450.729
2011,03,12,5,17,54,2,4450.73
2011,03,12,5,16,54,2,4450.736
2011,03,12,5,15,54,2,4450.742
2011,03,12,5,15,0,1,9999
2011,03,12,5,14,54,2,4450.754
2011,03,12,5,13,54,2,4450.76
2011,03,12,5,12,54,2,4450.768
2011,03,12,5,11,54,2,4450.751
2011,03,12,5,10,54,2,4450.742
2011,03,12,5,9,54,2,4450.753
2011,03,12,5,8,54,2,4450.743
2011,03,12,5,7,54,2,4450.741
2011,03,12,5,6,54,2,4450.743
2011,03,12,5,5,54,2,4450.736
2011,03,12,5,4,54,2,4450.725
2011,03,12,5,3,54,2,4450.709
2011,03,12,5,2,54,2,4450.691
2011,03,12,5,1,54,2,4450.679
2011,03,12,5,0,54,2,4450.681
2011,03,12,5,0,0,1,9999
2011,03,12,4,59,54,2,4450.677
2011,03,12,4,58,54,2,4450.685
2011,03,12,4,57,54,2,4450.7
2011,03,12,4,56,54,2,4450.685
2011,03,12,4,55,54,2,4450.674
2011,03,12,4,54,54,2,4450.681
2011,03,12,4,53,54,2,4450.681
2011,03,12,4,52,54,2,4450.671
2011,03,12,4,51,54,2,4450.649
2011,03,12,4,50,54,2,4450.664
2011,03,12,4,49,54,2,4450.676
2011,03,12,4,48,54,2,4450.671
2011,03,12,4,47,54,2,4450.688
2011,03,12,4,46,54,2,4450.691
2011,03,12,4,45,54,2,4450.685
2011,03,12,4,45,0,1,9999
2011,03,12,4,44,54,2,4450.687
2011,03,12,4,43,54,2,4450.696
2011,03,12,4,42,54,2,4450.691
2011,03,12,4,41,54,2,4450.679
2011,03,12,4,40,54,2,4450.687
2011,03,12,4,39,54,2,4450.688
2011,03,12,4,38,54,2,4450.682
2011,03,12,4,37,54,2,4450.68
2011,03,12,4,36,54,2,4450.662
2011,03,12,4,35,54,2,4450.645
2011,03,12,4,34,54,2,4450.64
2011,03,12,4,33,54,2,4450.628
2011,03,12,4,32,54,2,4450.618
2011,03,12,4,31,54,2,4450.616
2011,03,12,4,30,54,2,4450.609
2011,03,12,4,30,0,1,9999
2011,03,12,4,29,54,2,4450.599
2011,03,12,4,28,54,2,4450.588
2011,03,12,4,27,54,2,4450.58
2011,03,12,4,26,54,2,4450.571
2011,03,12,4,25,54,2,4450.554
2011,03,12,4,24,54,2,4450.537
2011,03,12,4,23,54,2,4450.53
2011,03,12,4,22,54,2,4450.545
2011,03,12,4,21,54,2,4450.551
2011,03,12,4,20,54,2,4450.546
2011,03,12,4,19,54,2,4450.545
2011,03,12,4,18,54,2,4450.536
2011,03,12,4,17,54,2,4450.535
2011,03,12,4,16,54,2,4450.535
2011,03,12,4,15,54,2,4450.526
2011,03,12,4,15,0,1,9999
2011,03,12,4,14,54,2,4450.516
2011,03,12,4,13,54,2,4450.513
2011,03,12,4,12,54,2,4450.518
2011,03,12,4,11,54,2,4450.512
2011,03,12,4,10,54,2,4450.512
2011,03,12,4,9,54,2,4450.507
2011,03,12,4,8,54,2,4450.5
2011,03,12,4,7,54,2,4450.498
2011,03,12,4,6,54,2,4450.486
2011,03,12,4,5,54,2,4450.498
2011,03,12,4,4,54,2,4450.5
2011,03,12,4,3,54,2,4450.498
2011,03,12,4,2,54,2,4450.499
2011,03,12,4,1,54,2,4450.49
2011,03,12,4,0,54,2,4450.49
2011,03,12,4,0,0,1,9999
2011,03,12,3,59,54,2,4450.48
2011,03,12,3,58,54,2,4450.475
2011,03,12,3,57,54,2,4450.472
2011,03,12,3,56,54,2,4450.473
2011,03,12,3,55,54,2,4450.493
2011,03,12,3,54,54,2,4450.473
2011,03,12,3,53,54,2,4450.46
2011,03,12,3,52,54,2,4450.47
2011,03,12,3,51,54,2,4450.467
2011,03,12,3,50,54,2,4450.467
2011,03,12,3,49,54,2,4450.457
2011,03,12,3,48,54,2,4450.449
2011,03,12,3,47,54,2,4450.45
2011,03,12,3,46,54,2,4450.441
2011,03,12,3,45,54,2,4450.446
2011,03,12,3,45,0,1,9999
2011,03,12,3,44,54,2,4450.446
2011,03,12,3,43,54,2,4450.439
2011,03,12,3,42,54,2,4450.441
2011,03,12,3,41,54,2,4450.435
2011,03,12,3,40,54,2,4450.428
2011,03,12,3,39,54,2,4450.434
2011,03,12,3,38,54,2,4450.421
2011,03,12,3,37,54,2,4450.392
2011,03,12,3,36,54,2,4450.397
2011,03,12,3,35,54,2,4450.395
2011,03,12,3,34,54,2,4450.369
2011,03,12,3,33,54,2,4450.374
2011,03,12,3,32,54,2,4450.369
2011,03,12,3,31,54,2,4450.342
2011,03,12,3,30,54,2,4450.347
2011,03,12,3,30,0,1,9999
2011,03,12,3,29,54,2,4450.353
2011,03,12,3,28,54,2,4450.341
2011,03,12,3,27,54,2,4450.337
2011,03,12,3,26,54,2,4450.347
2011,03,12,3,25,54,2,4450.341
2011,03,12,3,24,54,2,4450.33
2011,03,12,3,23,54,2,4450.328
2011,03,12,3,22,54,2,4450.32
2011,03,12,3,21,54,2,4450.314
2011,03,12,3,20,54,2,4450.307
2011,03,12,3,19,54,2,4450.301
2011,03,12,3,18,54,2,4450.299
2011,03,12,3,17,54,2,4450.289
2011,03,12,3,16,54,2,4450.29
2011,03,12,3,15,54,2,4450.29
2011,03,12,3,15,0,1,9999
2011,03,12,3,14,54,2,4450.279
2011,03,12,3,13,54,2,4450.273
2011,03,12,3,12,54,2,4450.266
2011,03,12,3,11,54,2,4450.276
2011,03,12,3,10,54,2,4450.283
2011,03,12,3,9,54,2,4450.283
2011,03,12,3,8,54,2,4450.295
2011,03,12,3,7,54,2,4450.283
2011,03,12,3,6,54,2,4450.275
2011,03,12,3,5,54,2,4450.279
2011,03,12,3,4,54,2,4450.272
2011,03,12,3,3,54,2,4450.283
2011,03,12,3,2,54,2,4450.269
2011,03,12,3,1,54,2,4450.247
2011,03,12,3,0,54,2,4450.256
2011,03,12,3,0,0,1,9999
2011,03,12,2,59,54,2,4450.247
2011,03,12,2,58,54,2,4450.24
2011,03,12,2,57,54,2,4450.243
2011,03,12,2,56,54,2,4450.239
2011,03,12,2,55,54,2,4450.256
2011,03,12,2,54,54,2,4450.25
2011,03,12,2,53,54,2,4450.221
2011,03,12,2,52,54,2,4450.229
2011,03,12,2,51,54,2,4450.236
2011,03,12,2,50,54,2,4450.224
2011,03,12,2,49,54,2,4450.211
2011,03,12,2,48,54,2,4450.198
2011,03,12,2,47,54,2,4450.194
2011,03,12,2,46,54,2,4450.188
2011,03,12,2,45,54,2,4450.179
2011,03,12,2,45,0,1,9999
2011,03,12,2,44,54,2,4450.187
2011,03,12,2,43,54,2,4450.175
2011,03,12,2,42,54,2,4450.153
2011,03,12,2,41,54,2,4450.155
2011,03,12,2,40,54,2,4450.153
2011,03,12,2,39,54,2,4450.151
2011,03,12,2,38,54,2,4450.158
2011,03,12,2,37,54,2,4450.156
2011,03,12,2,36,54,2,4450.163
2011,03,12,2,35,54,2,4450.164
2011,03,12,2,34,54,2,4450.155
2011,03,12,2,33,54,2,4450.149
2011,03,12,2,32,54,2,4450.137
2011,03,12,2,31,54,2,4450.137
2011,03,12,2,30,54,2,4450.147
2011,03,12,2,30,0,1,9999
2011,03,12,2,29,54,2,4450.131
2011,03,12,2,28,54,2,4450.117
2011,03,12,2,27,54,2,4450.105
2011,03,12,2,26,54,2,4450.091
2011,03,12,2,25,54,2,4450.098
2011,03,12,2,24,54,2,4450.09
2011,03,12,2,23,54,2,4450.069
2011,03,12,2,22,54,2,4450.06
2011,03,12,2,21,54,2,4450.051
2011,03,12,2,20,54,2,4450.059
2011,03,12,2,19,54,2,4450.061
2011,03,12,2,18,54,2,4450.052
2011,03,12,2,17,54,2,4450.052
2011,03,12,2,16,54,2,4450.053
2011,03,12,2,15,54,2,4450.062
2011,03,12,2,15,0,1,9999
2011,03,12,2,14,54,2,4450.068
2011,03,12,2,13,54,2,4450.051
2011,03,12,2,12,54,2,4450.044
2011,03,12,2,11,54,2,4450.028
2011,03,12,2,10,54,2,4450.02
2011,03,12,2,9,54,2,4450.049
2011,03,12,2,8,54,2,4450.035
2011,03,12,2,7,54,2,4450.023
2011,03,12,2,6,54,2,4450.034
2011,03,12,2,5,54,2,4450.002
2011,03,12,2,4,54,2,4450.004
2011,03,12,2,3,54,2,4450.031
2011,03,12,2,2,54,2,4450.016
2011,03,12,2,1,54,2,4450.028
2011,03,12,2,0,54,2,4450.029
2011,03,12,2,0,0,1,9999
2011,03,12,1,59,54,2,4450.003
2011,03,12,1,58,54,2,4450.017
2011,03,12,1,57,54,2,4450.01
2011,03,12,1,56,54,2,4449.999
2011,03,12,1,55,54,2,4450.014
2011,03,12,1,54,54,2,4449.997
2011,03,12,1,53,54,2,4450
2011,03,12,1,52,54,2,4450.02
2011,03,12,1,51,54,2,4449.996
2011,03,12,1,50,54,2,4449.995
2011,03,12,1,49,54,2,4449.985
2011,03,12,1,48,54,2,4449.949
2011,03,12,1,47,54,2,4449.965
2011,03,12,1,46,54,2,4449.973
2011,03,12,1,45,54,2,4449.957
2011,03,12,1,45,0,1,9999
2011,03,12,1,44,54,2,4449.965
2011,03,12,1,43,54,2,4449.951
2011,03,12,1,42,54,2,4449.946
2011,03,12,1,41,54,2,4449.961
2011,03,12,1,40,54,2,4449.946
2011,03,12,1,39,54,2,4449.937
2011,03,12,1,38,54,2,4449.939
2011,03,12,1,37,54,2,4449.927
2011,03,12,1,36,54,2,4449.93
2011,03,12,1,35,54,2,4449.92
2011,03,12,1,34,54,2,4449.907
2011,03,12,1,33,54,2,4449.917
2011,03,12,1,32,54,2,4449.899
2011,03,12,1,31,54,2,4449.895
2011,03,12,1,30,54,2,4449.918
2011,03,12,1,30,0,1,9999
2011,03,12,1,29,54,2,4449.908
2011,03,12,1,28,54,2,4449.914
2011,03,12,1,27,54,2,4449.927
2011,03,12,1,26,54,2,4449.913
2011,03,12,1,25,54,2,4449.923
2011,03,12,1,24,54,2,4449.922
2011,03,12,1,23,54,2,4449.884
2011,03,12,1,22,54,2,4449.893
2011,03,12,1,21,54,2,4449.905
2011,03,12,1,20,54,2,4449.873
2011,03,12,1,19,54,2,4449.874
2011,03,12,1,18,54,2,4449.903
2011,03,12,1,17,54,2,4449.9
2011,03,12,1,16,54,2,4449.885
2011,03,12,1,15,54,2,4449.874
2011,03,12,1,15,0,1,9999
2011,03,12,1,14,54,2,4449.869
2011,03,12,1,13,54,2,4449.879
2011,03,12,1,12,54,2,4449.866
2011,03,12,1,11,54,2,4449.845
2011,03,12,1,10,54,2,4449.851
2011,03,12,1,9,54,2,4449.857
2011,03,12,1,8,54,2,4449.842
2011,03,12,1,7,54,2,4449.838
2011,03,12,1,6,54,2,4449.846
2011,03,12,1,5,54,2,4449.839
2011,03,12,1,4,54,2,4449.831
2011,03,12,1,3,54,2,4449.848
2011,03,12,1,2,54,2,4449.866
2011,03,12,1,1,54,2,4449.885
2011,03,12,1,0,54,2,4449.895
2011,03,12,1,0,0,1,9999
2011,03,12,0,59,54,2,4449.872
2011,03,12,0,58,54,2,4449.858
2011,03,12,0,57,54,2,4449.876
2011,03,12,0,56,54,2,4449.87
2011,03,12,0,55,54,2,4449.85
2011,03,12,0,54,54,2,4449.875
2011,03,12,0,53,54,2,4449.889
2011,03,12,0,52,54,2,4449.853
2011,03,12,0,51,54,2,4449.837
2011,03,12,0,50,54,2,4449.842
2011,03,12,0,49,54,2,4449.838
2011,03,12,0,48,54,2,4449.848
2011,03,12,0,47,54,2,4449.846
2011,03,12,0,46,54,2,4449.843
2011,03,12,0,45,54,2,4449.859
2011,03,12,0,45,0,1,9999
2011,03,12,0,44,54,2,4449.847
2011,03,12,0,43,54,2,4449.82
2011,03,12,0,42,54,2,4449.834
2011,03,12,0,41,54,2,4449.835
2011,03,12,0,40,54,2,4449.816
2011,03,12,0,39,54,2,4449.825
2011,03,12,0,38,54,2,4449.833
2011,03,12,0,37,54,2,4449.822
2011,03,12,0,36,54,2,4449.823
2011,03,12,0,35,54,2,4449.823
2011,03,12,0,34,54,2,4449.807
2011,03,12,0,33,54,2,4449.805
2011,03,12,0,32,54,2,4449.812
2011,03,12,0,31,54,2,4449.827
2011,03,12,0,30,54,2,4449.85
2011,03,12,0,30,0,1,9999
2011,03,12,0,29,54,2,4449.86
2011,03,12,0,28,54,2,4449.851
2011,03,12,0,27,54,2,4449.844
2011,03,12,0,26,54,2,4449.835
2011,03,12,0,25,54,2,4449.835
2011,03,12,0,24,54,2,4449.84
2011,03,12,0,23,54,2,4449.83
2011,03,12,0,22,54,2,4449.821
2011,03,12,0,21,54,2,4449.826
2011,03,12,0,20,54,2,4449.814
2011,03,12,0,19,54,2,4449.802
2011,03,12,0,18,54,2,4449.818
2011,03,12,0,17,54,2,4449.824
2011,03,12,0,16,54,2,4449.805
2011,03,12,0,15,54,2,4449.792
2011,03,12,0,15,0,1,9999
2011,03,12,0,14,54,2,4449.786
2011,03,12,0,13,54,2,4449.782
2011,03,12,0,12,54,2,4449.791
2011,03,12,0,11,54,2,4449.801
2011,03,12,0,10,54,2,4449.792
2011,03,12,0,9,54,2,4449.784
2011,03,12,0,8,54,2,4449.787
2011,03,12,0,7,54,2,4449.788
2011,03,12,0,6,54,2,4449.788
2011,03,12,0,5,54,2,4449.788
2011,03,12,0,4,54,2,4449.799
2011,03,12,0,3,54,2,4449.816
2011,03,12,0,2,54,2,4449.809
2011,03,12,0,1,54,2,4449.778
2011,03,12,0,0,54,2,4449.769
2011,03,12,0,0,0,1,9999
2011,03,11,23,59,54,2,4449.784
2011,03,11,23,58,54,2,4449.772
2011,03,11,23,57,54,2,4449.76
2011,03,11,23,56,54,2,4449.78
2011,03,11,23,55,54,2,4449.8
2011,03,11,23,54,54,2,4449.806
2011,03,11,23,53,54,2,4449.818
2011,03,11,23,52,54,2,4449.827
2011,03,11,23,51,54,2,4449.825
2011,03,11,23,50,54,2,4449.835
2011,03,11,23,49,54,2,4449.855
2011,03,11,23,48,54,2,4449.857
2011,03,11,23,47,54,2,4449.856
2011,03,11,23,46,54,2,4449.868
2011,03,11,23,45,54,2,4449.872
2011,03,11,23,45,0,1,9999
2011,03,11,23,44,54,2,4449.866
2011,03,11,23,43,54,2,4449.883
2011,03,11,23,42,54,2,4449.911
2011,03,11,23,41,54,2,4449.907
2011,03,11,23,40,54,2,4449.883
2011,03,11,23,39,54,2,4449.874
2011,03,11,23,38,54,2,4449.866
2011,03,11,23,37,54,2,4449.849
2011,03,11,23,36,54,2,4449.854
2011,03,11,23,35,54,2,4449.887
2011,03,11,23,34,54,2,4449.893
2011,03,11,23,33,54,2,4449.872
2011,03,11,23,32,54,2,4449.866
2011,03,11,23,31,54,2,4449.872
2011,03,11,23,30,54,2,4449.856
2011,03,11,23,30,0,1,9999
2011,03,11,23,29,54,2,4449.852
2011,03,11,23,28,54,2,4449.878
2011,03,11,23,27,54,2,4449.883
2011,03,11,23,26,54,2,4449.866
2011,03,11,23,25,54,2,4449.876
2011,03,11,23,24,54,2,4449.893
2011,03,11,23,23,54,2,4449.874
2011,03,11,23,22,54,2,4449.85
2011,03,11,23,21,54,2,4449.862
2011,03,11,23,20,54,2,4449.877
2011,03,11,23,19,54,2,4449.871
2011,03,11,23,18,54,2,4449.872
2011,03,11,23,17,54,2,4449.876
2011,03,11,23,16,54,2,4449.858
2011,03,11,23,15,54,2,4449.847
2011,03,11,23,15,0,1,9999
2011,03,11,23,14,54,2,4449.866
2011,03,11,23,13,54,2,4449.888
2011,03,11,23,12,54,2,4449.893
2011,03,11,23,11,54,2,4449.906
2011,03,11,23,10,54,2,4449.916
2011,03,11,23,9,54,2,4449.899
2011,03,11,23,8,54,2,4449.879
2011,03,11,23,7,54,2,4449.881
2011,03,11,23,6,54,2,4449.89
2011,03,11,23,5,54,2,4449.89
2011,03,11,23,4,54,2,4449.881
2011,03,11,23,3,54,2,4449.862
2011,03,11,23,2,54,2,4449.853
2011,03,11,23,1,54,2,4449.87
2011,03,11,23,0,54,2,4449.895
2011,03,11,23,0,0,1,9999
2011,03,11,22,59,54,2,4449.888
2011,03,11,22,58,54,2,4449.871
2011,03,11,22,57,54,2,4449.881
2011,03,11,22,56,54,2,4449.897
2011,03,11,22,55,54,2,4449.895
2011,03,11,22,54,54,2,4449.886
2011,03,11,22,53,54,2,4449.895
2011,03,11,22,52,54,2,4449.898
2011,03,11,22,51,54,2,4449.897
2011,03,11,22,50,54,2,4449.917
2011,03,11,22,49,54,2,4449.949
2011,03,11,22,48,54,2,4449.958
2011,03,11,22,47,54,2,4449.944
2011,03,11,22,46,54,2,4449.94
2011,03,11,22,45,54,2,4449.958
2011,03,11,22,45,0,1,9999
2011,03,11,22,44,54,2,4449.973
2011,03,11,22,43,54,2,4449.966
2011,03,11,22,42,54,2,4449.946
2011,03,11,22,41,54,2,4449.941
2011,03,11,22,40,54,2,4449.955
2011,03,11,22,39,54,2,4449.96
2011,03,11,22,38,54,2,4449.948
2011,03,11,22,37,54,2,4449.948
2011,03,11,22,36,54,2,4449.968
2011,03,11,22,35,54,2,4449.981
2011,03,11,22,34,54,2,4449.976
2011,03,11,22,33,54,2,4449.977
2011,03,11,22,32,54,2,4449.982
2011,03,11,22,31,54,2,4449.976
2011,03,11,22,30,54,2,4449.965
2011,03,11,22,30,0,1,9999
2011,03,11,22,29,54,2,4449.979
2011,03,11,22,28,54,2,4449.996
2011,03,11,22,27,54,2,4449.973
2011,03,11,22,26,54,2,4449.939
2011,03,11,22,25,54,2,4449.963
2011,03,11,22,24,54,2,4450.007
2011,03,11,22,23,54,2,4449.997
2011,03,11,22,22,54,2,4449.965
2011,03,11,22,21,54,2,4449.979
2011,03,11,22,20,54,2,4450.017
2011,03,11,22,19,54,2,4450.014
2011,03,11,22,18,54,2,4450
2011,03,11,22,17,54,2,4450.027
2011,03,11,22,16,54,2,4450.067
2011,03,11,22,15,54,2,4450.068
2011,03,11,22,15,0,1,9999
2011,03,11,22,14,54,2,4450.069
2011,03,11,22,13,54,2,4450.104
2011,03,11,22,12,54,2,4450.134
2011,03,11,22,11,54,2,4450.119
2011,03,11,22,10,54,2,4450.098
2011,03,11,22,9,54,2,4450.111
2011,03,11,22,8,54,2,4450.126
2011,03,11,22,7,54,2,4450.106
2011,03,11,22,6,54,2,4450.084
2011,03,11,22,5,54,2,4450.103
2011,03,11,22,4,54,2,4450.125
2011,03,11,22,3,54,2,4450.122
2011,03,11,22,2,54,2,4450.115
2011,03,11,22,1,54,2,4450.126
2011,03,11,22,0,54,2,4450.131
2011,03,11,22,0,0,1,9999
2011,03,11,21,59,54,2,4450.113
2011,03,11,21,58,54,2,4450.113
2011,03,11,21,57,54,2,4450.138
2011,03,11,21,56,54,2,4450.152
2011,03,11,21,55,54,2,4450.135
2011,03,11,21,54,54,2,4450.121
2011,03,11,21,53,54,2,4450.133
2011,03,11,21,52,54,2,4450.143
2011,03,11,21,51,54,2,4450.12
2011,03,11,21,50,54,2,4450.101
2011,03,11,21,49,54,2,4450.122
2011,03,11,21,48,54,2,4450.15
2011,03,11,21,47,54,2,4450.14
2011,03,11,21,46,54,2,4450.113
2011,03,11,21,45,54,2,4450.106
2011,03,11,21,45,0,1,9999
2011,03,11,21,44,54,2,4450.128
2011,03,11,21,43,54,2,4450.143
2011,03,11,21,42,54,2,4450.14
2011,03,11,21,41,54,2,4450.154
2011,03,11,21,40,54,2,4450.18
2011,03,11,21,39,54,2,4450.188
2011,03,11,21,38,54,2,4450.171
2011,03,11,21,37,54,2,4450.166
2011,03,11,21,36,54,2,4450.193
2011,03,11,21,35,54,2,4450.222
2011,03,11,21,34,54,2,4450.222
2011,03,11,21,33,54,2,4450.2
2011,03,11,21,32,54,2,4450.187
2011,03,11,21,31,54,2,4450.199
2011,03,11,21,30,54,2,4450.204
2011,03,11,21,30,0,1,9999
2011,03,11,21,29,54,2,4450.19
2011,03,11,21,28,54,2,4450.178
2011,03,11,21,27,54,2,4450.189
2011,03,11,21,26,54,2,4450.211
2011,03,11,21,25,54,2,4450.219
2011,03,11,21,24,54,2,4450.201
2011,03,11,21,23,54,2,4450.181
2011,03,11,21,22,54,2,4450.178
2011,03,11,21,21,54,2,4450.185
2011,03,11,21,20,54,2,4450.19
2011,03,11,21,19,54,2,4450.189
2011,03,11,21,18,54,2,4450.192
2011,03,11,21,17,54,2,4450.202
2011,03,11,21,16,54,2,4450.206
2011,03,11,21,15,54,2,4450.211
2011,03,11,21,15,0,1,9999
2011,03,11,21,14,54,2,4450.223
2011,03,11,21,13,54,2,4450.246
2011,03,11,21,12,54,2,4450.267
2011,03,11,21,11,54,2,4450.275
2011,03,11,21,10,54,2,4450.269
2011,03,11,21,9,54,2,4450.272
2011,03,11,21,8,54,2,4450.295
2011,03,11,21,7,54,2,4450.325
2011,03,11,21,6,54,2,4450.333
2011,03,11,21,5,54,2,4450.307
2011,03,11,21,4,54,2,4450.275
2011,03,11,21,3,54,2,4450.272
2011,03,11,21,2,54,2,4450.295
2011,03,11,21,1,54,2,4450.328
2011,03,11,21,0,54,2,4450.342
2011,03,11,21,0,0,1,9999
2011,03,11,20,59,54,2,4450.341
2011,03,11,20,58,54,2,4450.337
2011,03,11,20,57,54,2,4450.335
2011,03,11,20,56,54,2,4450.342
2011,03,11,20,55,54,2,4450.35
2011,03,11,20,54,54,2,4450.358
2011,03,11,20,53,54,2,4450.373
2011,03,11,20,52,54,2,4450.389
2011,03,11,20,51,54,2,4450.384
2011,03,11,20,50,54,2,4450.369
2011,03,11,20,49,54,2,4450.354
2011,03,11,20,48,54,2,4450.357
2011,03,11,20,47,54,2,4450.382
2011,03,11,20,46,54,2,4450.403
2011,03,11,20,45,54,2,4450.403
2011,03,11,20,45,0,1,9999
2011,03,11,20,44,54,2,4450.387
2011,03,11,20,43,54,2,4450.378
2011,03,11,20,42,54,2,4450.39
2011,03,11,20,41,54,2,4450.418
2011,03,11,20,40,54,2,4450.442
2011,03,11,20,39,54,2,4450.444
2011,03,11,20,38,54,2,4450.436
2011,03,11,20,37,54,2,4450.434
2011,03,11,20,36,54,2,4450.446
2011,03,11,20,35,54,2,4450.469
2011,03,11,20,34,54,2,4450.486
2011,03,11,20,33,54,2,4450.489
2011,03,11,20,32,54,2,4450.485
2011,03,11,20,31,54,2,4450.484
2011,03,11,20,30,54,2,4450.493
2011,03,11,20,30,0,1,9999
2011,03,11,20,29,54,2,4450.506
2011,03,11,20,28,54,2,4450.509
2011,03,11,20,27,54,2,4450.504
2011,03,11,20,26,54,2,4450.495
2011,03,11,20,25,54,2,4450.485
2011,03,11,20,24,54,2,4450.475
2011,03,11,20,23,54,2,4450.462
2011,03,11,20,22,54,2,4450.439
2011,03,11,20,21,54,2,4450.418
2011,03,11,20,20,54,2,4450.406
2011,03,11,20,19,54,2,4450.42
2011,03,11,20,18,54,2,4450.462
2011,03,11,20,17,54,2,4450.509
2011,03,11,20,16,54,2,4450.539
2011,03,11,20,15,54,2,4450.531
2011,03,11,20,15,0,1,9999
2011,03,11,20,14,54,2,4450.485
2011,03,11,20,13,54,2,4450.418
2011,03,11,20,12,54,2,4450.361
2011,03,11,20,12,24,3,4450.331
2011,03,11,20,12,9,3,4450.327
2011,03,11,20,11,54,3,4450.325
2011,03,11,20,11,54,2,4450.33
2011,03,11,20,11,39,3,4450.326
2011,03,11,20,11,24,3,4450.329
2011,03,11,20,11,9,3,4450.334
2011,03,11,20,10,54,3,4450.341
2011,03,11,20,10,54,2,4450.333
2011,03,11,20,10,39,3,4450.348
2011,03,11,20,10,24,3,4450.356
2011,03,11,20,10,9,3,4450.365
2011,03,11,20,9,54,3,4450.373
2011,03,11,20,9,54,2,4450.361
2011,03,11,20,9,39,3,4450.383
2011,03,11,20,9,24,3,4450.394
2011,03,11,20,9,9,3,4450.404
2011,03,11,20,8,54,3,4450.413
2011,03,11,20,8,54,2,4450.399
2011,03,11,20,8,39,3,4450.421
2011,03,11,20,7,54,2,4450.434
2011,03,11,20,6,54,2,4450.467
2011,03,11,20,5,54,2,4450.499
2011,03,11,20,4,54,2,4450.543
2011,03,11,20,3,54,2,4450.595
2011,03,11,20,2,54,2,4450.651
2011,03,11,20,1,54,2,4450.698
2011,03,11,20,0,54,2,4450.724
2011,03,11,20,0,0,1,9999
2011,03,11,19,59,54,2,4450.719
2011,03,11,19,58,54,2,4450.687
2011,03,11,19,57,54,2,4450.641
2011,03,11,19,56,54,2,4450.587
2011,03,11,19,55,54,2,4450.542
2011,03,11,19,54,54,2,4450.509
2011,03,11,19,53,54,2,4450.489
2011,03,11,19,52,54,2,4450.481
2011,03,11,19,51,54,2,4450.49
2011,03,11,19,50,54,2,4450.512
2011,03,11,19,49,54,2,4450.549
2011,03,11,19,48,54,2,4450.595
2011,03,11,19,47,54,2,4450.646
2011,03,11,19,46,54,2,4450.692
2011,03,11,19,45,54,2,4450.728
2011,03,11,19,45,0,1,9999
2011,03,11,19,44,54,2,4450.745
2011,03,11,19,43,54,2,4450.74
2011,03,11,19,42,54,2,4450.717
2011,03,11,19,41,54,2,4450.685
2011,03,11,19,40,54,2,4450.656
2011,03,11,19,39,54,2,4450.636
2011,03,11,19,38,54,2,4450.628
2011,03,11,19,37,54,2,4450.635
2011,03,11,19,36,54,2,4450.655
2011,03,11,19,35,54,2,4450.679
2011,03,11,19,34,54,2,4450.702
2011,03,11,19,33,54,2,4450.718
2011,03,11,19,32,54,2,4450.728
2011,03,11,19,31,54,2,4450.73
2011,03,11,19,30,54,2,4450.727
2011,03,11,19,30,0,1,9999
2011,03,11,19,29,54,2,4450.72
2011,03,11,19,28,54,2,4450.714
2011,03,11,19,27,54,2,4450.714
2011,03,11,19,26,54,2,4450.717
2011,03,11,19,25,54,2,4450.723
2011,03,11,19,24,54,2,4450.73
2011,03,11,19,23,54,2,4450.741
2011,03,11,19,22,54,2,4450.75
2011,03,11,19,21,54,2,4450.757
2011,03,11,19,20,54,2,4450.757
2011,03,11,19,19,54,2,4450.753
2011,03,11,19,18,54,2,4450.746
2011,03,11,19,17,54,2,4450.738
2011,03,11,19,16,54,2,4450.73
2011,03,11,19,15,54,2,4450.718
2011,03,11,19,15,0,1,9999
2011,03,11,19,14,54,2,4450.708
2011,03,11,19,13,54,2,4450.701
2011,03,11,19,12,54,2,4450.693
2011,03,11,19,11,54,2,4450.69
2011,03,11,19,10,54,2,4450.686
2011,03,11,19,9,54,2,4450.685
2011,03,11,19,8,54,2,4450.686
2011,03,11,19,7,54,2,4450.687
2011,03,11,19,6,54,2,4450.689
2011,03,11,19,5,54,2,4450.691
2011,03,11,19,4,54,2,4450.695
2011,03,11,19,3,54,2,4450.697
2011,03,11,19,2,54,2,4450.7
2011,03,11,19,1,54,2,4450.703
2011,03,11,19,0,54,2,4450.708
2011,03,11,19,0,0,1,9999
2011,03,11,18,59,54,2,4450.709
2011,03,11,18,58,54,2,4450.711
2011,03,11,18,58,24,3,4450.713
2011,03,11,18,58,9,3,4450.714
2011,03,11,18,57,54,3,4450.714
2011,03,11,18,57,54,2,4450.714
2011,03,11,18,57,39,3,4450.715
2011,03,11,18,57,24,3,4450.715
2011,03,11,18,57,9,3,4450.716
2011,03,11,18,56,54,3,4450.718
2011,03,11,18,56,54,2,4450.716
2011,03,11,18,56,39,3,4450.719
2011,03,11,18,56,24,3,4450.72
2011,03,11,18,56,9,3,4450.72
2011,03,11,18,55,54,3,4450.72
2011,03,11,18,55,54,2,4450.72
2011,03,11,18,55,39,3,4450.72
2011,03,11,18,55,24,3,4450.72
2011,03,11,18,55,9,3,4450.721
2011,03,11,18,54,54,3,4450.721
2011,03,11,18,54,54,2,4450.721
2011,03,11,18,54,39,3,4450.722
2011,03,11,18,53,54,2,4450.724
2011,03,11,18,52,54,2,4450.726
2011,03,11,18,51,54,2,4450.728
2011,03,11,18,50,54,2,4450.73
2011,03,11,18,49,54,2,4450.733
2011,03,11,18,48,54,2,4450.733
2011,03,11,18,47,54,2,4450.736
2011,03,11,18,46,54,2,4450.737
2011,03,11,18,45,54,2,4450.738
2011,03,11,18,45,0,1,9999
2011,03,11,18,44,54,2,4450.741
2011,03,11,18,43,54,2,4450.74
2011,03,11,18,42,54,2,4450.743
2011,03,11,18,41,54,2,4450.745
2011,03,11,18,40,54,2,4450.749
2011,03,11,18,39,54,2,4450.749
2011,03,11,18,38,54,2,4450.75
2011,03,11,18,37,54,2,4450.753
2011,03,11,18,36,54,2,4450.753
2011,03,11,18,35,54,2,4450.755
2011,03,11,18,34,54,2,4450.756
2011,03,11,18,33,54,2,4450.758
2011,03,11,18,32,54,2,4450.76
2011,03,11,18,31,54,2,4450.761
2011,03,11,18,30,54,2,4450.761
2011,03,11,18,30,0,1,9999
2011,03,11,18,29,54,2,4450.763
2011,03,11,18,28,54,2,4450.764
2011,03,11,18,27,54,2,4450.762
2011,03,11,18,26,54,2,4450.765
2011,03,11,18,25,54,2,4450.767
2011,03,11,18,24,54,2,4450.768
2011,03,11,18,23,54,2,4450.766
2011,03,11,18,22,54,2,4450.767
2011,03,11,18,21,54,2,4450.769
2011,03,11,18,20,54,2,4450.77
2011,03,11,18,19,54,2,4450.77
2011,03,11,18,18,54,2,4450.77
2011,03,11,18,17,54,2,4450.772
2011,03,11,18,16,54,2,4450.773
2011,03,11,18,15,54,2,4450.773
2011,03,11,18,15,0,1,9999
2011,03,11,18,14,54,2,4450.774
2011,03,11,18,13,54,2,4450.773
2011,03,11,18,12,54,2,4450.773
2011,03,11,18,11,54,2,4450.776
2011,03,11,18,10,54,2,4450.775
2011,03,11,18,9,54,2,4450.773
2011,03,11,18,8,54,2,4450.774
2011,03,11,18,7,54,2,4450.775
2011,03,11,18,6,54,2,4450.775
2011,03,11,18,5,54,2,4450.774
2011,03,11,18,4,54,2,4450.775
2011,03,11,18,3,54,2,4450.776
2011,03,11,18,2,54,2,4450.776
2011,03,11,18,1,54,2,4450.777
2011,03,11,18,0,54,2,4450.775
2011,03,11,18,0,0,1,9999
2011,03,11,17,59,54,2,4450.775
2011,03,11,17,58,54,2,4450.777
2011,03,11,17,57,54,2,4450.775
2011,03,11,17,56,54,2,4450.775
2011,03,11,17,55,54,2,4450.774
2011,03,11,17,54,54,2,4450.774
2011,03,11,17,53,54,2,4450.774
2011,03,11,17,52,54,2,4450.771
2011,03,11,17,51,54,2,4450.772
2011,03,11,17,50,54,2,4450.775
2011,03,11,17,49,54,2,4450.775
2011,03,11,17,48,54,2,4450.772
2011,03,11,17,47,54,2,4450.77
2011,03,11,17,46,54,2,4450.769
2011,03,11,17,45,54,2,4450.771
2011,03,11,17,45,0,1,4450.777
2011,03,11,17,44,54,2,4450.771
2011,03,11,17,43,54,2,4450.769
2011,03,11,17,42,54,2,4450.77
2011,03,11,17,41,54,2,4450.771
2011,03,11,17,40,54,2,4450.769
2011,03,11,17,39,54,2,4450.768
2011,03,11,17,38,54,2,4450.768
2011,03,11,17,37,54,2,4450.768
2011,03,11,17,36,54,2,4450.767
2011,03,11,17,35,54,2,4450.767
2011,03,11,17,34,54,2,4450.765
2011,03,11,17,33,54,2,4450.764
2011,03,11,17,32,54,2,4450.763
2011,03,11,17,31,54,2,4450.762
2011,03,11,17,30,54,2,4450.761
2011,03,11,17,30,0,1,4450.768
2011,03,11,17,29,54,2,4450.762
2011,03,11,17,28,54,2,4450.76
2011,03,11,17,27,54,2,4450.759
2011,03,11,17,26,54,2,4450.759
2011,03,11,17,25,54,2,4450.756
2011,03,11,17,24,54,2,4450.755
2011,03,11,17,23,54,2,4450.754
2011,03,11,17,22,54,2,4450.751
2011,03,11,17,21,54,2,4450.751
2011,03,11,17,20,54,2,4450.75
2011,03,11,17,19,54,2,4450.749
2011,03,11,17,18,54,2,4450.747
2011,03,11,17,17,54,2,4450.746
2011,03,11,17,16,54,2,4450.743
2011,03,11,17,15,54,2,4450.742
2011,03,11,17,15,0,1,4450.759
2011,03,11,17,14,54,2,4450.743
2011,03,11,17,13,54,2,4450.739
2011,03,11,17,12,54,2,4450.739
2011,03,11,17,11,54,2,4450.74
2011,03,11,17,10,54,2,4450.736
2011,03,11,17,9,54,2,4450.734
2011,03,11,17,8,54,2,4450.733
2011,03,11,17,7,54,2,4450.731
2011,03,11,17,6,54,2,4450.731
2011,03,11,17,5,54,2,4450.728
2011,03,11,17,4,54,2,4450.726
2011,03,11,17,3,54,2,4450.724
2011,03,11,17,2,54,2,4450.722
2011,03,11,17,1,54,2,4450.721
2011,03,11,17,0,54,2,4450.72
2011,03,11,17,0,0,1,4450.738
2011,03,11,16,59,54,2,4450.716
2011,03,11,16,58,54,2,4450.714
2011,03,11,16,45,0,1,4450.715
2011,03,11,16,30,0,1,4450.684
2011,03,11,16,15,0,1,4450.645
2011,03,11,16,0,0,1,4450.602
2011,03,11,15,45,0,1,4450.551
2011,03,11,15,30,0,1,4450.505
2011,03,11,15,15,0,1,4450.449
2011,03,11,15,0,0,1,4450.393
2011,03,11,14,45,0,1,4450.335
2011,03,11,14,30,0,1,4450.28
2011,03,11,14,15,0,1,4450.223
2011,03,11,14,0,0,1,4450.167
2011,03,11,13,45,0,1,4450.116
2011,03,11,13,30,0,1,4450.067
2011,03,11,13,15,0,1,4450.023
2011,03,11,13,0,0,1,4449.984
2011,03,11,12,45,0,1,4449.953
2011,03,11,12,30,0,1,4449.928
2011,03,11,12,15,0,1,4449.91
2011,03,11,12,0,0,1,4449.898
2011,03,11,11,45,0,1,4449.893
2011,03,11,11,30,0,1,4449.893
2011,03,11,11,15,0,1,4449.905
2011,03,11,11,0,0,1,4449.922
2011,03,11,10,45,0,1,4449.946
2011,03,11,10,30,0,1,4449.975
2011,03,11,10,15,0,1,4450.016
2011,03,11,10,0,0,1,4450.061
2011,03,11,9,57,54,2,4450.112
2011,03,11,9,56,54,2,4450.114
2011,03,11,9,55,54,2,4450.12
2011,03,11,9,54,54,2,4450.122
2011,03,11,9,53,54,2,4450.124
2011,03,11,9,52,54,2,4450.129
2011,03,11,9,51,54,2,4450.132
2011,03,11,9,50,54,2,4450.136
2011,03,11,9,49,54,2,4450.139
2011,03,11,9,48,54,2,4450.142
2011,03,11,9,47,54,2,4450.145
2011,03,11,9,46,54,2,4450.149
2011,03,11,9,45,54,2,4450.155
2011,03,11,9,45,0,1,9999
2011,03,11,9,44,54,2,4450.157
2011,03,11,9,43,54,2,4450.158
2011,03,11,9,42,54,2,4450.165
2011,03,11,9,41,54,2,4450.17
2011,03,11,9,40,54,2,4450.171
2011,03,11,9,39,54,2,4450.175
2011,03,11,9,38,54,2,4450.18
2011,03,11,9,37,54,2,4450.185
2011,03,11,9,36,54,2,4450.188
2011,03,11,9,35,54,2,4450.191
2011,03,11,9,34,54,2,4450.193
2011,03,11,9,33,54,2,4450.2
2011,03,11,9,32,54,2,4450.202
2011,03,11,9,31,54,2,4450.206
2011,03,11,9,30,54,2,4450.21
2011,03,11,9,30,0,1,9999
2011,03,11,9,29,54,2,4450.214
2011,03,11,9,28,54,2,4450.217
2011,03,11,9,27,54,2,4450.221
2011,03,11,9,26,54,2,4450.225
2011,03,11,9,25,54,2,4450.229
2011,03,11,9,24,54,2,4450.233
2011,03,11,9,23,54,2,4450.236
2011,03,11,9,22,54,2,4450.242
2011,03,11,9,21,54,2,4450.245
2011,03,11,9,20,54,2,4450.249
2011,03,11,9,19,54,2,4450.253
2011,03,11,9,18,54,2,4450.258
2011,03,11,9,17,54,2,4450.262
2011,03,11,9,16,54,2,4450.264
2011,03,11,9,15,54,2,4450.269
2011,03,11,9,15,0,1,9999
2011,03,11,9,14,54,2,4450.272
2011,03,11,9,13,54,2,4450.276
2011,03,11,9,12,54,2,4450.282
2011,03,11,9,11,54,2,4450.285
2011,03,11,9,10,54,2,4450.289
2011,03,11,9,9,54,2,4450.294
2011,03,11,9,8,54,2,4450.298
2011,03,11,9,7,54,2,4450.3
2011,03,11,9,6,54,2,4450.304
2011,03,11,9,5,54,2,4450.309
2011,03,11,9,4,54,2,4450.314
2011,03,11,9,3,54,2,4450.317
2011,03,11,9,2,54,2,4450.32
2011,03,11,9,1,54,2,4450.325
2011,03,11,9,0,54,2,4450.33
2011,03,11,9,0,0,1,9999
2011,03,11,8,59,54,2,4450.334
2011,03,11,8,58,54,2,4450.338
2011,03,11,8,57,54,2,4450.343
2011,03,11,8,56,54,2,4450.347
2011,03,11,8,55,54,2,4450.351
2011,03,11,8,54,54,2,4450.354
2011,03,11,8,53,54,2,4450.358
2011,03,11,8,52,54,2,4450.363
2011,03,11,8,51,54,2,4450.367
2011,03,11,8,50,54,2,4450.371
2011,03,11,8,49,54,2,4450.375
2011,03,11,8,48,54,2,4450.38
2011,03,11,8,47,54,2,4450.382
2011,03,11,8,46,54,2,4450.387
2011,03,11,8,45,54,2,4450.392
2011,03,11,8,45,0,1,9999
2011,03,11,8,44,54,2,4450.396
2011,03,11,8,43,54,2,4450.4
2011,03,11,8,42,54,2,4450.405
2011,03,11,8,41,54,2,4450.408
2011,03,11,8,40,54,2,4450.413
2011,03,11,8,39,54,2,4450.417
2011,03,11,8,38,54,2,4450.421
2011,03,11,8,37,54,2,4450.425
2011,03,11,8,36,54,2,4450.428
2011,03,11,8,35,54,2,4450.433
2011,03,11,8,34,54,2,4450.438
2011,03,11,8,33,54,2,4450.441
2011,03,11,8,32,54,2,4450.445
2011,03,11,8,31,54,2,4450.448
2011,03,11,8,30,54,2,4450.454
2011,03,11,8,30,0,1,9999
2011,03,11,8,29,54,2,4450.457
2011,03,11,8,28,54,2,4450.461
2011,03,11,8,27,54,2,4450.467
2011,03,11,8,26,54,2,4450.47
2011,03,11,8,25,54,2,4450.474
2011,03,11,8,24,54,2,4450.479
2011,03,11,8,23,54,2,4450.482
2011,03,11,8,22,54,2,4450.487
2011,03,11,8,21,54,2,4450.49
2011,03,11,8,20,54,2,4450.494
2011,03,11,8,19,54,2,4450.499
2011,03,11,8,18,54,2,4450.503
2011,03,11,8,17,54,2,4450.506
2011,03,11,8,16,54,2,4450.512
2011,03,11,8,15,54,2,4450.514
2011,03,11,8,15,0,1,9999
2011,03,11,8,14,54,2,4450.519
2011,03,11,8,13,54,2,4450.523
2011,03,11,8,12,54,2,4450.526
2011,03,11,8,11,54,2,4450.531
2011,03,11,8,10,54,2,4450.534
2011,03,11,8,9,54,2,4450.538
2011,03,11,8,8,54,2,4450.542
2011,03,11,8,7,54,2,4450.547
2011,03,11,8,6,54,2,4450.55
2011,03,11,8,5,54,2,4450.553
2011,03,11,8,4,54,2,4450.56
2011,03,11,8,3,54,2,4450.564
2011,03,11,8,2,54,2,4450.562
2011,03,11,8,1,54,2,4450.57
2011,03,11,8,0,54,2,4450.576
2011,03,11,8,0,0,1,9999
2011,03,11,7,59,54,2,4450.576
2011,03,11,7,58,54,2,4450.582
2011,03,11,7,57,54,2,4450.584
2011,03,11,7,56,54,2,4450.59
2011,03,11,7,55,54,2,4450.593
2011,03,11,7,54,54,2,4450.596
2011,03,11,7,53,54,2,4450.598
2011,03,11,7,52,54,2,4450.603
2011,03,11,7,51,54,2,4450.607
2011,03,11,7,50,54,2,4450.612
2011,03,11,7,49,54,2,4450.614
2011,03,11,7,48,54,2,4450.618
2011,03,11,7,47,54,2,4450.621
2011,03,11,7,46,54,2,4450.625
2011,03,11,7,45,54,2,4450.628
2011,03,11,7,45,0,1,9999
2011,03,11,7,44,54,2,4450.632
2011,03,11,7,43,54,2,4450.637
2011,03,11,7,42,54,2,4450.639
2011,03,11,7,41,54,2,4450.643
2011,03,11,7,40,54,2,4450.645
2011,03,11,7,39,54,2,4450.65
2011,03,11,7,38,54,2,4450.653
2011,03,11,7,37,54,2,4450.657
2011,03,11,7,36,54,2,4450.66
2011,03,11,7,35,54,2,4450.664
2011,03,11,7,34,54,2,4450.666
2011,03,11,7,33,54,2,4450.67
2011,03,11,7,32,54,2,4450.673
2011,03,11,7,31,54,2,4450.676
2011,03,11,7,30,54,2,4450.68
2011,03,11,7,30,0,1,9999
2011,03,11,7,29,54,2,4450.683
2011,03,11,7,28,54,2,4450.688
2011,03,11,7,27,54,2,4450.69
2011,03,11,7,26,54,2,4450.695
2011,03,11,7,25,54,2,4450.697
2011,03,11,7,24,54,2,4450.699
2011,03,11,7,23,54,2,4450.704
2011,03,11,7,22,54,2,4450.706
2011,03,11,7,21,54,2,4450.711
2011,03,11,7,20,54,2,4450.713
2011,03,11,7,19,54,2,4450.717
2011,03,11,7,18,54,2,4450.719
2011,03,11,7,17,54,2,4450.722
2011,03,11,7,16,54,2,4450.725
2011,03,11,7,15,54,2,4450.73
2011,03,11,7,15,0,1,9999
2011,03,11,7,14,54,2,4450.731
2011,03,11,7,13,54,2,4450.735
2011,03,11,7,12,54,2,4450.735
2011,03,11,7,11,54,2,4450.744
2011,03,11,7,10,54,2,4450.743
2011,03,11,7,9,54,2,4450.743
2011,03,11,7,8,54,2,4450.75
2011,03,11,7,7,54,2,4450.754
2011,03,11,7,6,54,2,4450.753
2011,03,11,7,5,54,2,4450.757
2011,03,11,7,4,54,2,4450.759
2011,03,11,7,3,54,2,4450.764
2011,03,11,7,2,54,2,4450.762
2011,03,11,7,1,54,2,4450.768
2011,03,11,7,0,54,2,4450.771
2011,03,11,7,0,0,1,9999
2011,03,11,6,59,54,2,4450.772
2011,03,11,6,58,54,2,4450.775
2011,03,11,6,57,54,2,4450.779
2011,03,11,6,56,54,2,4450.781
2011,03,11,6,55,54,2,4450.782
2011,03,11,6,54,54,2,4450.786
2011,03,11,6,53,54,2,4450.788
2011,03,11,6,52,54,2,4450.789
2011,03,11,6,51,54,2,4450.797
2011,03,11,6,50,54,2,4450.793
2011,03,11,6,49,54,2,4450.796
2011,03,11,6,48,54,2,4450.8
2011,03,11,6,47,54,2,4450.8
2011,03,11,6,46,54,2,4450.806
2011,03,11,6,45,54,2,4450.806
2011,03,11,6,45,0,1,9999
2011,03,11,6,44,54,2,4450.804
2011,03,11,6,43,54,2,4450.811
2011,03,11,6,42,54,2,4450.811
2011,03,11,6,41,54,2,4450.811
2011,03,11,6,40,54,2,4450.819
2011,03,11,6,39,54,2,4450.822
2011,03,11,6,38,54,2,4450.813
2011,03,11,6,37,54,2,4450.818
2011,03,11,6,36,54,2,4450.819
2011,03,11,6,35,54,2,4450.823
2011,03,11,6,35,39,3,4450.836
2011,03,11,6,35,24,3,4450.827
2011,03,11,6,35,9,3,4450.847
2011,03,11,6,34,54,3,4450.808
2011,03,11,6,34,54,2,4450.829
2011,03,11,6,34,39,3,4450.828
2011,03,11,6,34,24,3,4450.827
2011,03,11,6,34,9,3,4450.811
2011,03,11,6,33,54,3,4450.834
2011,03,11,6,33,54,2,4450.825
2011,03,11,6,33,39,3,4450.841
2011,03,11,6,33,24,3,4450.832
2011,03,11,6,33,9,3,4450.815
2011,03,11,6,32,54,3,4450.853
2011,03,11,6,32,54,2,4450.835
2011,03,11,6,32,39,3,4450.791
2011,03,11,6,32,24,3,4450.868
2011,03,11,6,32,9,3,4450.814
2011,03,11,6,31,54,3,4450.831
2011,03,11,6,31,54,2,4450.826
2011,03,11,6,30,54,2,4450.83
2011,03,11,6,30,0,1,9999
2011,03,11,6,29,54,2,4450.833
2011,03,11,6,28,54,2,4450.837
2011,03,11,6,27,54,2,4450.837
2011,03,11,6,26,54,2,4450.839
2011,03,11,6,25,54,2,4450.839
2011,03,11,6,24,54,2,4450.841
2011,03,11,6,23,54,2,4450.843
2011,03,11,6,22,54,2,4450.842
2011,03,11,6,21,54,2,4450.845
2011,03,11,6,20,54,2,4450.847
2011,03,11,6,19,54,2,4450.846
2011,03,11,6,18,54,2,4450.85
2011,03,11,6,17,54,2,4450.848
2011,03,11,6,16,54,2,4450.853
2011,03,11,6,15,54,2,4450.852
2011,03,11,6,15,0,1,9999
2011,03,11,6,14,54,2,4450.853
2011,03,11,6,13,54,2,4450.855
2011,03,11,6,12,54,2,4450.854
2011,03,11,6,11,54,2,4450.857
2011,03,11,6,10,54,2,4450.858
2011,03,11,6,9,54,2,4450.857
2011,03,11,6,8,54,2,4450.859
2011,03,11,6,7,54,2,4450.86
2011,03,11,6,6,54,2,4450.859
2011,03,11,6,5,54,2,4450.862
2011,03,11,6,4,54,2,4450.862
2011,03,11,6,3,54,2,4450.862
2011,03,11,6,2,54,2,4450.863
2011,03,11,6,1,54,2,4450.863
2011,03,11,6,0,54,2,4450.866
2011,03,11,6,0,0,1,9999
2011,03,11,5,59,54,2,4450.865
2011,03,11,5,58,54,2,4450.866
2011,03,11,5,57,54,2,4450.866
2011,03,11,5,56,54,2,4450.866
2011,03,11,5,55,54,2,4450.866
2011,03,11,5,54,54,2,4450.868
2011,03,11,5,53,54,2,4450.869
2011,03,11,5,52,54,2,4450.868
2011,03,11,5,51,54,2,4450.869
2011,03,11,5,50,54,2,4450.869
2011,03,11,5,49,54,2,4450.869
2011,03,11,5,48,54,2,4450.868
2011,03,11,5,47,54,2,4450.87
2011,03,11,5,46,54,2,4450.869
2011,03,11,5,45,54,2,4450.869
2011,03,11,5,45,0,1,4450.866
2011,03,11,5,44,54,2,4450.869
2011,03,11,5,43,54,2,4450.869
2011,03,11,5,42,54,2,4450.868
2011,03,11,5,41,54,2,4450.867
2011,03,11,5,40,54,2,4450.868
2011,03,11,5,39,54,2,4450.868
2011,03,11,5,38,54,2,4450.867
2011,03,11,5,37,54,2,4450.866
2011,03,11,5,36,54,2,4450.866
2011,03,11,5,35,54,2,4450.865
2011,03,11,5,34,54,2,4450.865
2011,03,11,5,33,54,2,4450.866
2011,03,11,5,32,54,2,4450.864
2011,03,11,5,31,54,2,4450.862
2011,03,11,5,30,54,2,4450.863
2011,03,11,5,30,0,1,4450.869
2011,03,11,5,29,54,2,4450.863
2011,03,11,5,28,54,2,4450.861
2011,03,11,5,27,54,2,4450.861
2011,03,11,5,26,54,2,4450.862
2011,03,11,5,25,54,2,4450.86
2011,03,11,5,24,54,2,4450.859
2011,03,11,5,23,54,2,4450.858
2011,03,11,5,22,54,2,4450.858
2011,03,11,5,21,54,2,4450.857
2011,03,11,5,20,54,2,4450.856
2011,03,11,5,19,54,2,4450.856
2011,03,11,5,18,54,2,4450.855
2011,03,11,5,17,54,2,4450.853
2011,03,11,5,16,54,2,4450.853
2011,03,11,5,15,54,2,4450.853
2011,03,11,5,15,0,1,4450.861
2011,03,11,5,14,54,2,4450.851
2011,03,11,5,13,54,2,4450.85
2011,03,11,5,12,54,2,4450.848
2011,03,11,5,11,54,2,4450.848
2011,03,11,5,10,54,2,4450.845
2011,03,11,5,9,54,2,4450.844
2011,03,11,5,8,54,2,4450.843
2011,03,11,5,7,54,2,4450.841
2011,03,11,5,6,54,2,4450.839
2011,03,11,5,5,54,2,4450.839
2011,03,11,5,4,54,2,4450.837
2011,03,11,5,3,54,2,4450.836
2011,03,11,5,2,54,2,4450.835
2011,03,11,5,1,54,2,4450.833
2011,03,11,5,0,54,2,4450.831
2011,03,11,5,0,0,1,4450.849
2011,03,11,4,59,54,2,4450.831
2011,03,11,4,58,54,2,4450.828
2011,03,11,4,45,0,1,4450.827
2011,03,11,4,30,0,1,4450.796
2011,03,11,4,15,0,1,4450.756
2011,03,11,4,0,0,1,4450.715
2011,03,11,3,45,0,1,4450.664
2011,03,11,3,30,0,1,4450.611
2011,03,11,3,15,0,1,4450.55
2011,03,11,3,0,0,1,4450.491
2011,03,11,2,45,0,1,4450.429
2011,03,11,2,30,0,1,4450.361
2011,03,11,2,15,0,1,4450.294
2011,03,11,2,0,0,1,4450.229
2011,03,11,1,45,0,1,4450.165
2011,03,11,1,30,0,1,4450.106
2011,03,11,1,15,0,1,4450.048
2011,03,11,1,0,0,1,4449.998
2011,03,11,0,45,0,1,4449.952
2011,03,11,0,30,0,1,4449.913
2011,03,11,0,15,0,1,4449.877
2011,03,11,0,0,0,1,4449.85
2011,03,10,23,45,0,1,4449.833
2011,03,10,23,30,0,1,4449.818
2011,03,10,23,15,0,1,4449.812
2011,03,10,23,0,0,1,4449.819
2011,03,10,22,45,0,1,4449.833
2011,03,10,22,30,0,1,4449.853
2011,03,10,22,15,0,1,4449.88
2011,03,10,22,0,0,1,4449.913
2011,03,10,21,45,0,1,4449.955
2011,03,10,21,30,0,1,4450.003
2011,03,10,21,15,0,1,4450.055
2011,03,10,21,0,0,1,4450.108
2011,03,10,20,45,0,1,4450.168
2011,03,10,20,30,0,1,4450.229
2011,03,10,20,15,0,1,4450.292
2011,03,10,20,0,0,1,4450.357
2011,03,10,19,45,0,1,4450.419
2011,03,10,19,30,0,1,4450.481
2011,03,10,19,15,0,1,4450.537
2011,03,10,19,0,0,1,4450.591
2011,03,10,18,45,0,1,4450.638
2011,03,10,18,30,0,1,4450.683
2011,03,10,18,15,0,1,4450.722
2011,03,10,18,0,0,1,4450.752
2011,03,10,17,45,0,1,4450.776
2011,03,10,17,30,0,1,4450.795
2011,03,10,17,15,0,1,4450.805
2011,03,10,17,0,0,1,4450.806
2011,03,10,16,45,0,1,4450.802
2011,03,10,16,30,0,1,4450.79
2011,03,10,16,15,0,1,4450.771
2011,03,10,16,0,0,1,4450.742
2011,03,10,15,45,0,1,4450.708
2011,03,10,15,30,0,1,4450.67
2011,03,10,15,15,0,1,4450.626
2011,03,10,15,0,0,1,4450.573
2011,03,10,14,45,0,1,4450.52
2011,03,10,14,30,0,1,4450.463
2011,03,10,14,15,0,1,4450.404
2011,03,10,14,0,0,1,4450.345
2011,03,10,13,45,0,1,4450.284
2011,03,10,13,30,0,1,4450.225
2011,03,10,13,15,0,1,4450.168
2011,03,10,13,0,0,1,4450.115
2011,03,10,12,45,0,1,4450.065
2011,03,10,12,30,0,1,4450.021
2011,03,10,12,15,0,1,4449.983
2011,03,10,12,0,0,1,4449.946
2011,03,10,11,45,0,1,4449.919
2011,03,10,11,30,0,1,4449.896
2011,03,10,11,15,0,1,4449.881
2011,03,10,11,0,0,1,4449.873
2011,03,10,10,45,0,1,4449.876
2011,03,10,10,30,0,1,4449.887
2011,03,10,10,15,0,1,4449.905
2011,03,10,10,0,0,1,4449.932
2011,03,10,9,45,0,1,4449.962
2011,03,10,9,30,0,1,4450.002
2011,03,10,9,15,0,1,4450.047
2011,03,10,9,0,0,1,4450.096
2011,03,10,8,45,0,1,4450.152
2011,03,10,8,30,0,1,4450.211
2011,03,10,8,15,0,1,4450.272
2011,03,10,8,0,0,1,4450.336
2011,03,10,7,45,0,1,4450.401
2011,03,10,7,30,0,1,4450.465
2011,03,10,7,15,0,1,4450.525
2011,03,10,7,0,0,1,4450.583
2011,03,10,6,45,0,1,4450.638
2011,03,10,6,30,0,1,4450.688
2011,03,10,6,15,0,1,4450.734
2011,03,10,6,0,0,1,4450.773
2011,03,10,5,45,0,1,4450.806
2011,03,10,5,30,0,1,4450.833
2011,03,10,5,15,0,1,4450.849
2011,03,10,5,0,0,1,4450.858
2011,03,10,4,45,0,1,4450.857
2011,03,10,4,30,0,1,4450.854
2011,03,10,4,15,0,1,4450.839
2011,03,10,4,0,0,1,4450.817
2011,03,10,3,45,0,1,4450.788
2011,03,10,3,30,0,1,4450.748
2011,03,10,3,15,0,1,4450.707
2011,03,10,3,0,0,1,4450.656
2011,03,10,2,45,0,1,4450.602
2011,03,10,2,30,0,1,4450.541
2011,03,10,2,15,0,1,4450.481
2011,03,10,2,0,0,1,4450.417
2011,03,10,1,45,0,1,4450.35
2011,03,10,1,30,0,1,4450.284
2011,03,10,1,15,0,1,4450.217
2011,03,10,1,0,0,1,4450.15
2011,03,10,0,45,0,1,4450.091
2011,03,10,0,30,0,1,4450.032
2011,03,10,0,15,0,1,4449.981
2011,03,10,0,0,0,1,4449.934
