#YY,MM,DD,hh,mm,ss,T,Water Column HEIGHT
#yr,mo,dy,hr,mn,s,-,m
2011,3,15,0,0,0,1,5825.095
2011,3,14,23,45,0,1,5825.106
2011,3,14,23,30,0,1,5825.109
2011,3,14,23,15,0,1,5825.113
2011,3,14,23,0,0,1,5825.118
2011,3,14,22,45,0,1,5825.127
2011,3,14,22,30,0,1,5825.132
2011,3,14,22,15,0,1,5825.141
2011,3,14,22,0,0,1,5825.135
2011,3,14,21,45,0,1,5825.137
2011,3,14,21,30,0,1,5825.14
2011,3,14,21,15,0,1,5825.135
2011,3,14,21,0,0,1,5825.14
2011,3,14,20,45,0,1,5825.134
2011,3,14,20,30,0,1,5825.13
2011,3,14,20,15,0,1,5825.131
2011,3,14,20,0,0,1,5825.127
2011,3,14,19,45,0,1,5825.122
2011,3,14,19,30,0,1,5825.116
2011,3,14,19,15,0,1,5825.105
2011,3,14,19,0,0,1,5825.102
2011,3,14,18,45,0,1,5825.091
2011,3,14,18,30,0,1,5825.074
2011,3,14,18,15,0,1,5825.075
2011,3,14,18,0,0,1,5825.068
2011,3,14,17,45,0,1,5825.059
2011,3,14,17,30,0,1,5825.045
2011,3,14,17,15,0,1,5825.041
2011,3,14,17,0,0,1,5825.029
2011,3,14,16,45,0,1,5825.024
2011,3,14,16,30,0,1,5825.027
2011,3,14,16,15,0,1,5825.006
2011,3,14,16,0,0,1,5824.997
2011,3,14,15,45,0,1,5824.991
2011,3,14,15,30,0,1,5824.98
2011,3,14,15,15,0,1,5824.97
2011,3,14,15,0,0,1,5824.957
2011,3,14,14,45,0,1,5824.945
2011,3,14,14,30,0,1,5824.938
2011,3,14,14,15,0,1,5824.929
2011,3,14,14,0,0,1,5824.914
2011,3,14,13,45,0,1,5824.908
2011,3,14,13,30,0,1,5824.893
2011,3,14,13,15,0,1,5824.878
2011,3,14,13,0,0,1,5824.858
2011,3,14,12,45,0,1,5824.854
2011,3,14,12,30,0,1,5824.837
2011,3,14,12,15,0,1,5824.837
2011,3,14,12,0,0,1,5824.825
2011,3,14,11,45,0,1,5824.81
2011,3,14,11,30,0,1,5824.805
2011,3,14,11,15,0,1,5824.795
2011,3,14,11,0,0,1,5824.79
2011,3,14,10,45,0,1,5824.773
2011,3,14,10,30,0,1,5824.773
2011,3,14,10,15,0,1,5824.767
2011,3,14,10,0,0,1,5824.76
2011,3,14,9,45,0,1,5824.746
2011,3,14,9,30,0,1,5824.734
2011,3,14,9,15,0,1,5824.729
2011,3,14,9,0,0,1,5824.716
2011,3,14,8,45,0,1,5824.72
2011,3,14,8,30,0,1,5824.72
2011,3,14,8,15,0,1,5824.707
2011,3,14,8,0,0,1,5824.706
2011,3,14,7,45,0,1,5824.714
2011,3,14,7,30,0,1,5824.717
2011,3,14,7,15,0,1,5824.716
2011,3,14,7,0,0,1,5824.711
2011,3,14,6,45,0,1,5824.714
2011,3,14,6,30,0,1,5824.731
2011,3,14,6,15,0,1,5824.735
2011,3,14,6,0,0,1,5824.738
2011,3,14,5,45,0,1,5824.749
2011,3,14,5,30,0,1,5824.748
2011,3,14,5,15,0,1,5824.769
2011,3,14,5,0,0,1,5824.768
2011,3,14,4,45,0,1,5824.792
2011,3,14,4,30,0,1,5824.802
2011,3,14,4,15,0,1,5824.818
2011,3,14,4,0,0,1,5824.838
2011,3,14,3,45,0,1,5824.85
2011,3,14,3,30,0,1,5824.868
2011,3,14,3,15,0,1,5824.883
2011,3,14,3,0,0,1,5824.902
2011,3,14,2,45,0,1,5824.918
2011,3,14,2,30,0,1,5824.928
2011,3,14,2,15,0,1,5824.957
2011,3,14,2,0,0,1,5824.971
2011,3,14,1,45,0,1,5824.982
2011,3,14,1,30,0,1,5824.994
2011,3,14,1,15,0,1,5825.022
2011,3,14,1,0,0,1,5825.04
2011,3,14,0,45,0,1,5825.048
2011,3,14,0,30,0,1,5825.071
2011,3,14,0,15,0,1,5825.083
2011,3,14,0,0,0,1,5825.099
2011,3,13,23,45,0,1,5825.115
2011,3,13,23,30,0,1,5825.128
2011,3,13,23,15,0,1,5825.124
2011,3,13,23,0,0,1,5825.143
2011,3,13,22,45,0,1,5825.154
2011,3,13,22,30,0,1,5825.151
2011,3,13,22,15,0,1,5825.165
2011,3,13,22,0,0,1,5825.18
2011,3,13,21,45,0,1,5825.173
2011,3,13,21,30,0,1,5825.177
2011,3,13,21,15,0,1,5825.171
2011,3,13,21,0,0,1,5825.163
2011,3,13,20,45,0,1,5825.17
2011,3,13,20,30,0,1,5825.157
2011,3,13,20,15,0,1,5825.147
2011,3,13,20,0,0,1,5825.164
2011,3,13,19,45,0,1,5825.14
2011,3,13,19,30,0,1,5825.141
2011,3,13,19,15,0,1,5825.122
2011,3,13,19,0,0,1,5825.12
2011,3,13,18,45,0,1,5825.093
2011,3,13,18,30,0,1,5825.098
2011,3,13,18,15,0,1,5825.075
2011,3,13,18,0,0,1,5825.075
2011,3,13,17,45,0,1,5825.07
2011,3,13,17,30,0,1,5825.06
2011,3,13,17,15,0,1,5825.043
2011,3,13,17,0,0,1,5825.055
2011,3,13,16,45,0,1,5825.017
2011,3,13,16,30,0,1,5825.008
2011,3,13,16,15,0,1,5824.993
2011,3,13,16,0,0,1,5824.986
2011,3,13,15,45,0,1,5824.99
2011,3,13,15,30,0,1,5824.986
2011,3,13,15,15,0,1,5824.989
2011,3,13,15,0,0,1,5824.968
2011,3,13,14,45,0,1,5824.98
2011,3,13,14,30,0,1,5824.969
2011,3,13,14,15,0,1,5824.952
2011,3,13,14,0,0,1,5824.942
2011,3,13,13,45,0,1,5824.945
2011,3,13,13,30,0,1,5824.921
2011,3,13,13,15,0,1,5824.925
2011,3,13,13,0,0,1,5824.91
2011,3,13,12,45,0,1,5824.915
2011,3,13,12,30,0,1,5824.915
2011,3,13,12,15,0,1,5824.894
2011,3,13,12,0,0,1,5824.9
2011,3,13,11,45,0,1,5824.893
2011,3,13,11,30,0,1,5824.879
2011,3,13,11,15,0,1,5824.866
2011,3,13,11,0,0,1,5824.87
2011,3,13,10,45,0,1,5824.85
2011,3,13,10,30,0,1,5824.83
2011,3,13,10,15,0,1,5824.843
2011,3,13,10,0,0,1,5824.823
2011,3,13,9,45,0,1,5824.825
2011,3,13,9,30,0,1,5824.814
2011,3,13,9,15,0,1,5824.826
2011,3,13,9,0,0,1,5824.788
2011,3,13,8,45,0,1,5824.781
2011,3,13,8,30,0,1,5824.79
2011,3,13,8,15,0,1,5824.757
2011,3,13,8,0,0,1,5824.767
2011,3,13,7,45,0,1,5824.739
2011,3,13,7,30,0,1,5824.753
2011,3,13,7,15,0,1,5824.734
2011,3,13,7,0,0,1,5824.756
2011,3,13,6,45,0,1,5824.73
2011,3,13,6,30,0,1,5824.734
2011,3,13,6,15,0,1,5824.713
2011,3,13,6,0,0,1,5824.702
2011,3,13,5,45,0,1,5824.721
2011,3,13,5,30,0,1,5824.723
2011,3,13,5,15,0,1,5824.735
2011,3,13,5,0,0,1,5824.74
2011,3,13,4,45,0,1,5824.766
2011,3,13,4,30,0,1,5824.739
2011,3,13,4,15,0,1,5824.772
2011,3,13,4,0,0,1,5824.755
2011,3,13,3,45,0,1,5824.77
2011,3,13,3,30,0,1,5824.797
2011,3,13,3,15,0,1,5824.79
2011,3,13,3,0,0,1,5824.82
2011,3,13,2,45,0,1,5824.859
2011,3,13,2,30,0,1,5824.889
2011,3,13,2,15,0,1,5824.906
2011,3,13,2,0,0,1,5824.936
2011,3,13,1,45,0,1,5824.952
2011,3,13,1,30,0,1,5824.97
2011,3,13,1,15,0,1,5824.983
2011,3,13,1,0,0,1,5825.005
2011,3,13,0,45,0,1,5825.024
2011,3,13,0,30,0,1,5825.065
2011,3,13,0,15,0,1,5825.06
2011,3,13,0,0,0,1,5825.084
2011,3,12,23,45,0,1,5825.107
2011,3,12,23,30,0,1,5825.126
2011,3,12,23,15,0,1,5825.135
2011,3,12,23,0,0,1,5825.149
2011,3,12,22,45,0,1,5825.158
2011,3,12,22,30,0,1,5825.191
2011,3,12,22,15,0,1,5825.174
2011,3,12,22,0,0,1,5825.186
2011,3,12,21,45,0,1,5825.206
2011,3,12,21,30,0,1,5825.195
2011,3,12,21,15,0,1,5825.194
2011,3,12,21,0,0,1,5825.2
2011,3,12,20,45,0,1,5825.185
2011,3,12,20,30,0,1,5825.19
2011,3,12,20,15,0,1,5825.186
2011,3,12,20,0,0,1,5825.187
2011,3,12,19,45,0,1,5825.174
2011,3,12,19,30,0,1,5825.178
2011,3,12,19,15,0,1,5825.155
2011,3,12,19,0,0,1,5825.133
2011,3,12,18,45,0,1,5825.13
2011,3,12,18,30,0,1,5825.122
2011,3,12,18,15,0,1,5825.097
2011,3,12,18,0,0,1,5825.097
2011,3,12,17,45,0,1,5825.089
2011,3,12,17,30,0,1,5825.068
2011,3,12,17,15,0,1,5825.059
2011,3,12,17,0,0,1,5825.025
2011,3,12,16,45,0,1,5825.031
2011,3,12,16,30,0,1,5825.014
2011,3,12,16,15,0,1,5824.998
2011,3,12,16,0,0,1,5824.996
2011,3,12,15,45,0,1,5824.984
2011,3,12,15,30,0,1,5824.986
2011,3,12,15,15,0,1,5824.977
2011,3,12,15,0,0,1,5824.967
2011,3,12,14,45,0,1,5824.984
2011,3,12,14,30,0,1,5824.965
2011,3,12,14,15,0,1,5824.962
2011,3,12,14,0,0,1,5824.954
2011,3,12,13,45,0,1,5824.944
2011,3,12,13,30,0,1,5824.956
2011,3,12,13,15,0,1,5824.943
2011,3,12,13,0,0,1,9999
2011,3,12,12,59,0,2,5824.962
2011,3,12,12,58,0,2,5824.964
2011,3,12,12,57,0,2,5824.967
2011,3,12,12,56,0,2,5824.96
2011,3,12,12,55,0,2,5824.959
2011,3,12,12,54,0,2,5824.963
2011,3,12,12,53,0,2,5824.964
2011,3,12,12,52,0,2,5824.968
2011,3,12,12,51,0,2,5824.967
2011,3,12,12,50,0,2,5824.964
2011,3,12,12,49,0,2,5824.965
2011,3,12,12,48,0,2,5824.962
2011,3,12,12,47,0,2,5824.959
2011,3,12,12,46,0,2,5824.959
2011,3,12,12,45,0,2,5824.957
2011,3,12,12,45,0,1,9999
2011,3,12,12,44,0,2,5824.958
2011,3,12,12,43,0,2,5824.956
2011,3,12,12,42,0,2,5824.953
2011,3,12,12,41,0,2,5824.959
2011,3,12,12,40,0,2,5824.959
2011,3,12,12,39,0,2,5824.958
2011,3,12,12,38,0,2,5824.958
2011,3,12,12,37,0,2,5824.955
2011,3,12,12,36,0,2,5824.951
2011,3,12,12,35,0,2,5824.955
2011,3,12,12,34,0,2,5824.965
2011,3,12,12,33,0,2,5824.964
2011,3,12,12,32,0,2,5824.959
2011,3,12,12,31,0,2,5824.956
2011,3,12,12,30,0,2,5824.964
2011,3,12,12,30,0,1,9999
2011,3,12,12,29,0,2,5824.969
2011,3,12,12,28,0,2,5824.959
2011,3,12,12,27,0,2,5824.96
2011,3,12,12,26,0,2,5824.969
2011,3,12,12,25,0,2,5824.968
2011,3,12,12,24,0,2,5824.965
2011,3,12,12,23,0,2,5824.967
2011,3,12,12,22,0,2,5824.961
2011,3,12,12,21,0,2,5824.96
2011,3,12,12,20,0,2,5824.964
2011,3,12,12,19,0,2,5824.961
2011,3,12,12,18,0,2,5824.95
2011,3,12,12,17,0,2,5824.946
2011,3,12,12,16,0,2,5824.946
2011,3,12,12,15,0,2,5824.945
2011,3,12,12,15,0,1,9999
2011,3,12,12,14,0,2,5824.945
2011,3,12,12,13,0,2,5824.949
2011,3,12,12,12,0,2,5824.954
2011,3,12,12,11,0,2,5824.953
2011,3,12,12,10,0,2,5824.945
2011,3,12,12,9,0,2,5824.937
2011,3,12,12,8,0,2,5824.94
2011,3,12,12,7,0,2,5824.947
2011,3,12,12,6,0,2,5824.945
2011,3,12,12,5,0,2,5824.951
2011,3,12,12,4,0,2,5824.959
2011,3,12,12,3,0,2,5824.958
2011,3,12,12,2,0,2,5824.961
2011,3,12,12,1,0,2,5824.971
2011,3,12,12,0,0,2,5824.97
2011,3,12,12,0,0,1,9999
2011,3,12,11,59,0,2,5824.96
2011,3,12,11,58,0,2,5824.962
2011,3,12,11,57,0,2,5824.964
2011,3,12,11,56,0,2,5824.964
2011,3,12,11,55,0,2,5824.963
2011,3,12,11,54,0,2,5824.967
2011,3,12,11,53,0,2,5824.964
2011,3,12,11,52,0,2,5824.953
2011,3,12,11,51,0,2,5824.95
2011,3,12,11,50,0,2,5824.952
2011,3,12,11,49,0,2,5824.956
2011,3,12,11,48,0,2,5824.962
2011,3,12,11,47,0,2,5824.965
2011,3,12,11,46,0,2,5824.961
2011,3,12,11,45,0,2,5824.963
2011,3,12,11,45,0,1,9999
2011,3,12,11,44,0,2,5824.959
2011,3,12,11,43,0,2,5824.96
2011,3,12,11,42,0,2,5824.969
2011,3,12,11,41,0,2,5824.968
2011,3,12,11,40,0,2,5824.963
2011,3,12,11,39,0,2,5824.957
2011,3,12,11,38,0,2,5824.956
2011,3,12,11,37,0,2,5824.962
2011,3,12,11,36,0,2,5824.968
2011,3,12,11,35,0,2,5824.965
2011,3,12,11,34,0,2,5824.964
2011,3,12,11,33,0,2,5824.96
2011,3,12,11,32,0,2,5824.953
2011,3,12,11,31,0,2,5824.956
2011,3,12,11,30,0,2,5824.959
2011,3,12,11,30,0,1,9999
2011,3,12,11,29,0,2,5824.959
2011,3,12,11,28,0,2,5824.953
2011,3,12,11,27,0,2,5824.955
2011,3,12,11,26,0,2,5824.954
2011,3,12,11,25,0,2,5824.951
2011,3,12,11,24,0,2,5824.956
2011,3,12,11,23,0,2,5824.959
2011,3,12,11,22,0,2,5824.965
2011,3,12,11,21,0,2,5824.966
2011,3,12,11,20,0,2,5824.96
2011,3,12,11,19,0,2,5824.955
2011,3,12,11,18,0,2,5824.95
2011,3,12,11,17,0,2,5824.953
2011,3,12,11,16,0,2,5824.944
2011,3,12,11,15,0,2,5824.935
2011,3,12,11,15,0,1,9999
2011,3,12,11,14,0,2,5824.939
2011,3,12,11,13,0,2,5824.94
2011,3,12,11,12,0,2,5824.933
2011,3,12,11,11,0,2,5824.936
2011,3,12,11,10,0,2,5824.938
2011,3,12,11,9,0,2,5824.936
2011,3,12,11,8,0,2,5824.936
2011,3,12,11,7,0,2,5824.926
2011,3,12,11,6,0,2,5824.925
2011,3,12,11,5,0,2,5824.932
2011,3,12,11,4,0,2,5824.929
2011,3,12,11,3,0,2,5824.929
2011,3,12,11,2,0,2,5824.93
2011,3,12,11,1,0,2,5824.929
2011,3,12,11,0,0,2,5824.931
2011,3,12,11,0,0,1,9999
2011,3,12,10,59,0,2,5824.935
2011,3,12,10,58,0,2,5824.934
2011,3,12,10,57,0,2,5824.936
2011,3,12,10,56,0,2,5824.941
2011,3,12,10,55,0,2,5824.942
2011,3,12,10,54,0,2,5824.944
2011,3,12,10,53,0,2,5824.943
2011,3,12,10,52,0,2,5824.946
2011,3,12,10,51,0,2,5824.945
2011,3,12,10,50,0,2,5824.937
2011,3,12,10,49,0,2,5824.935
2011,3,12,10,48,0,2,5824.944
2011,3,12,10,47,0,2,5824.944
2011,3,12,10,46,0,2,5824.944
2011,3,12,10,45,0,2,5824.946
2011,3,12,10,45,0,1,9999
2011,3,12,10,44,0,2,5824.944
2011,3,12,10,43,0,2,5824.945
2011,3,12,10,42,0,2,5824.954
2011,3,12,10,41,0,2,5824.955
2011,3,12,10,40,0,2,5824.947
2011,3,12,10,39,0,2,5824.95
2011,3,12,10,38,0,2,5824.95
2011,3,12,10,37,0,2,5824.951
2011,3,12,10,36,0,2,5824.953
2011,3,12,10,35,0,2,5824.96
2011,3,12,10,34,0,2,5824.969
2011,3,12,10,33,0,2,5824.968
2011,3,12,10,32,0,2,5824.961
2011,3,12,10,31,0,2,5824.953
2011,3,12,10,30,0,2,5824.95
2011,3,12,10,30,0,1,9999
2011,3,12,10,29,0,2,5824.95
2011,3,12,10,28,0,2,5824.958
2011,3,12,10,27,0,2,5824.957
2011,3,12,10,26,0,2,5824.955
2011,3,12,10,25,0,2,5824.958
2011,3,12,10,24,0,2,5824.959
2011,3,12,10,23,0,2,5824.955
2011,3,12,10,22,0,2,5824.949
2011,3,12,10,21,0,2,5824.946
2011,3,12,10,20,0,2,5824.952
2011,3,12,10,19,0,2,5824.955
2011,3,12,10,18,0,2,5824.958
2011,3,12,10,17,0,2,5824.955
2011,3,12,10,16,0,2,5824.951
2011,3,12,10,15,0,2,5824.944
2011,3,12,10,15,0,1,9999
2011,3,12,10,14,0,2,5824.937
2011,3,12,10,13,0,2,5824.936
2011,3,12,10,12,0,2,5824.936
2011,3,12,10,11,0,2,5824.939
2011,3,12,10,10,0,2,5824.93
2011,3,12,10,9,0,2,5824.921
2011,3,12,10,8,0,2,5824.925
2011,3,12,10,7,0,2,5824.926
2011,3,12,10,6,0,2,5824.924
2011,3,12,10,5,0,2,5824.923
2011,3,12,10,4,0,2,5824.917
2011,3,12,10,3,0,2,5824.911
2011,3,12,10,2,0,2,5824.909
2011,3,12,10,1,0,2,5824.909
2011,3,12,10,0,0,2,5824.912
2011,3,12,10,0,0,1,9999
2011,3,12,9,59,0,2,5824.908
2011,3,12,9,58,0,2,5824.912
2011,3,12,9,57,0,2,5824.925
2011,3,12,9,56,0,2,5824.93
2011,3,12,9,55,0,2,5824.925
2011,3,12,9,54,0,2,5824.929
2011,3,12,9,53,0,2,5824.927
2011,3,12,9,52,0,2,5824.922
2011,3,12,9,51,0,2,5824.916
2011,3,12,9,50,0,2,5824.914
2011,3,12,9,49,0,2,5824.915
2011,3,12,9,48,0,2,5824.911
2011,3,12,9,47,0,2,5824.914
2011,3,12,9,46,0,2,5824.913
2011,3,12,9,45,0,2,5824.913
2011,3,12,9,45,0,1,9999
2011,3,12,9,44,0,2,5824.91
2011,3,12,9,43,0,2,5824.909
2011,3,12,9,42,0,2,5824.918
2011,3,12,9,41,0,2,5824.925
2011,3,12,9,40,0,2,5824.917
2011,3,12,9,39,0,2,5824.911
2011,3,12,9,38,0,2,5824.905
2011,3,12,9,37,0,2,5824.901
2011,3,12,9,36,0,2,5824.908
2011,3,12,9,35,0,2,5824.918
2011,3,12,9,34,0,2,5824.915
2011,3,12,9,33,0,2,5824.916
2011,3,12,9,32,0,2,5824.921
2011,3,12,9,31,0,2,5824.921
2011,3,12,9,30,0,2,5824.922
2011,3,12,9,30,0,1,9999
2011,3,12,9,29,0,2,5824.922
2011,3,12,9,28,0,2,5824.921
2011,3,12,9,27,0,2,5824.923
2011,3,12,9,26,0,2,5824.921
2011,3,12,9,25,0,2,5824.915
2011,3,12,9,24,0,2,5824.912
2011,3,12,9,23,0,2,5824.915
2011,3,12,9,22,0,2,5824.916
2011,3,12,9,21,0,2,5824.909
2011,3,12,9,20,0,2,5824.901
2011,3,12,9,19,0,2,5824.911
2011,3,12,9,18,0,2,5824.913
2011,3,12,9,17,0,2,5824.916
2011,3,12,9,16,0,2,5824.922
2011,3,12,9,15,0,2,5824.924
2011,3,12,9,15,0,1,9999
2011,3,12,9,14,0,2,5824.924
2011,3,12,9,13,0,2,5824.922
2011,3,12,9,12,0,2,5824.919
2011,3,12,9,11,0,2,5824.912
2011,3,12,9,10,0,2,5824.899
2011,3,12,9,9,0,2,5824.89
2011,3,12,9,8,0,2,5824.884
2011,3,12,9,7,0,2,5824.881
2011,3,12,9,6,0,2,5824.882
2011,3,12,9,5,0,2,5824.879
2011,3,12,9,4,0,2,5824.877
2011,3,12,9,3,0,2,5824.873
2011,3,12,9,2,0,2,5824.868
2011,3,12,9,1,0,2,5824.872
2011,3,12,9,0,0,2,5824.878
2011,3,12,9,0,0,1,9999
2011,3,12,8,59,0,2,5824.88
2011,3,12,8,58,0,2,5824.884
2011,3,12,8,57,0,2,5824.883
2011,3,12,8,56,0,2,5824.888
2011,3,12,8,55,0,2,5824.889
2011,3,12,8,54,0,2,5824.885
2011,3,12,8,53,0,2,5824.886
2011,3,12,8,52,0,2,5824.884
2011,3,12,8,51,0,2,5824.879
2011,3,12,8,50,0,2,5824.879
2011,3,12,8,49,0,2,5824.875
2011,3,12,8,48,0,2,5824.87
2011,3,12,8,47,0,2,5824.868
2011,3,12,8,46,0,2,5824.857
2011,3,12,8,45,0,2,5824.857
2011,3,12,8,45,0,1,9999
2011,3,12,8,44,0,2,5824.864
2011,3,12,8,43,0,2,5824.86
2011,3,12,8,42,0,2,5824.86
2011,3,12,8,41,0,2,5824.859
2011,3,12,8,40,0,2,5824.859
2011,3,12,8,39,0,2,5824.864
2011,3,12,8,38,0,2,5824.872
2011,3,12,8,37,0,2,5824.875
2011,3,12,8,36,0,2,5824.869
2011,3,12,8,35,0,2,5824.87
2011,3,12,8,34,0,2,5824.877
2011,3,12,8,33,0,2,5824.878
2011,3,12,8,32,0,2,5824.873
2011,3,12,8,31,0,2,5824.864
2011,3,12,8,30,0,2,5824.856
2011,3,12,8,30,0,1,9999
2011,3,12,8,29,0,2,5824.854
2011,3,12,8,28,0,2,5824.856
2011,3,12,8,27,0,2,5824.852
2011,3,12,8,26,0,2,5824.85
2011,3,12,8,25,0,2,5824.853
2011,3,12,8,24,0,2,5824.846
2011,3,12,8,23,0,2,5824.844
2011,3,12,8,22,0,2,5824.847
2011,3,12,8,21,0,2,5824.844
2011,3,12,8,20,0,2,5824.843
2011,3,12,8,19,0,2,5824.851
2011,3,12,8,18,0,2,5824.846
2011,3,12,8,17,0,2,5824.842
2011,3,12,8,16,0,2,5824.839
2011,3,12,8,15,0,2,5824.835
2011,3,12,8,15,0,1,9999
2011,3,12,8,14,0,2,5824.84
2011,3,12,8,13,0,2,5824.847
2011,3,12,8,12,0,2,5824.853
2011,3,12,8,11,0,2,5824.853
2011,3,12,8,10,0,2,5824.858
2011,3,12,8,9,0,2,5824.865
2011,3,12,8,8,0,2,5824.865
2011,3,12,8,7,0,2,5824.856
2011,3,12,8,6,0,2,5824.851
2011,3,12,8,5,0,2,5824.85
2011,3,12,8,4,0,2,5824.853
2011,3,12,8,3,0,2,5824.838
2011,3,12,8,2,0,2,5824.821
2011,3,12,8,1,0,2,5824.813
2011,3,12,8,0,0,2,5824.815
2011,3,12,8,0,0,1,9999
2011,3,12,7,59,0,2,5824.809
2011,3,12,7,58,0,2,5824.808
2011,3,12,7,57,0,2,5824.813
2011,3,12,7,56,0,2,5824.818
2011,3,12,7,55,0,2,5824.816
2011,3,12,7,54,0,2,5824.812
2011,3,12,7,53,0,2,5824.827
2011,3,12,7,52,0,2,5824.832
2011,3,12,7,51,0,2,5824.823
2011,3,12,7,50,0,2,5824.833
2011,3,12,7,49,0,2,5824.832
2011,3,12,7,48,0,2,5824.822
2011,3,12,7,47,0,2,5824.823
2011,3,12,7,46,0,2,5824.824
2011,3,12,7,45,0,2,5824.814
2011,3,12,7,45,0,1,9999
2011,3,12,7,44,0,2,5824.806
2011,3,12,7,43,0,2,5824.808
2011,3,12,7,42,0,2,5824.806
2011,3,12,7,41,0,2,5824.808
2011,3,12,7,40,0,2,5824.809
2011,3,12,7,39,0,2,5824.81
2011,3,12,7,38,0,2,5824.813
2011,3,12,7,37,0,2,5824.815
2011,3,12,7,36,0,2,5824.814
2011,3,12,7,35,0,2,5824.815
2011,3,12,7,34,0,2,5824.815
2011,3,12,7,33,0,2,5824.808
2011,3,12,7,32,0,2,5824.804
2011,3,12,7,31,0,2,5824.8
2011,3,12,7,30,0,2,5824.788
2011,3,12,7,30,0,1,9999
2011,3,12,7,29,0,2,5824.787
2011,3,12,7,28,0,2,5824.794
2011,3,12,7,27,0,2,5824.801
2011,3,12,7,26,0,2,5824.803
2011,3,12,7,25,0,2,5824.805
2011,3,12,7,24,0,2,5824.81
2011,3,12,7,23,0,2,5824.804
2011,3,12,7,22,0,2,5824.801
2011,3,12,7,21,0,2,5824.801
2011,3,12,7,20,0,2,5824.809
2011,3,12,7,19,0,2,5824.812
2011,3,12,7,18,0,2,5824.804
2011,3,12,7,17,0,2,5824.802
2011,3,12,7,16,0,2,5824.81
2011,3,12,7,15,0,2,5824.808
2011,3,12,7,15,0,1,9999
2011,3,12,7,14,0,2,5824.813
2011,3,12,7,13,0,2,5824.814
2011,3,12,7,12,0,2,5824.806
2011,3,12,7,11,0,2,5824.81
2011,3,12,7,10,0,2,5824.816
2011,3,12,7,9,0,2,5824.813
2011,3,12,7,8,0,2,5824.813
2011,3,12,7,7,0,2,5824.809
2011,3,12,7,6,0,2,5824.804
2011,3,12,7,5,0,2,5824.8
2011,3,12,7,4,0,2,5824.795
2011,3,12,7,3,0,2,5824.786
2011,3,12,7,2,0,2,5824.783
2011,3,12,7,1,0,2,5824.784
2011,3,12,7,0,0,2,5824.773
2011,3,12,7,0,0,1,9999
2011,3,12,6,59,0,2,5824.77
2011,3,12,6,58,0,2,5824.779
2011,3,12,6,57,0,2,5824.782
2011,3,12,6,56,0,2,5824.777
2011,3,12,6,55,0,2,5824.764
2011,3,12,6,54,0,2,5824.76
2011,3,12,6,53,0,2,5824.76
2011,3,12,6,52,0,2,5824.753
2011,3,12,6,51,0,2,5824.752
2011,3,12,6,50,0,2,5824.755
2011,3,12,6,49,0,2,5824.762
2011,3,12,6,48,0,2,5824.767
2011,3,12,6,47,0,2,5824.77
2011,3,12,6,46,0,2,5824.772
2011,3,12,6,45,0,2,5824.77
2011,3,12,6,45,0,1,9999
2011,3,12,6,44,0,2,5824.765
2011,3,12,6,43,0,2,5824.768
2011,3,12,6,42,0,2,5824.77
2011,3,12,6,41,0,2,5824.771
2011,3,12,6,40,0,2,5824.772
2011,3,12,6,39,0,2,5824.768
2011,3,12,6,38,0,2,5824.76
2011,3,12,6,37,0,2,5824.757
2011,3,12,6,36,0,2,5824.748
2011,3,12,6,35,0,2,5824.743
2011,3,12,6,34,0,2,5824.747
2011,3,12,6,33,0,2,5824.747
2011,3,12,6,32,0,2,5824.753
2011,3,12,6,31,0,2,5824.756
2011,3,12,6,30,0,2,5824.755
2011,3,12,6,30,0,1,9999
2011,3,12,6,29,0,2,5824.751
2011,3,12,6,28,0,2,5824.75
2011,3,12,6,27,0,2,5824.753
2011,3,12,6,26,0,2,5824.76
2011,3,12,6,25,0,2,5824.766
2011,3,12,6,24,0,2,5824.767
2011,3,12,6,23,0,2,5824.766
2011,3,12,6,22,0,2,5824.774
2011,3,12,6,21,0,2,5824.781
2011,3,12,6,20,0,2,5824.775
2011,3,12,6,19,0,2,5824.768
2011,3,12,6,18,0,2,5824.766
2011,3,12,6,17,0,2,5824.766
2011,3,12,6,16,0,2,5824.764
2011,3,12,6,15,0,2,5824.762
2011,3,12,6,15,0,1,9999
2011,3,12,6,14,0,2,5824.769
2011,3,12,6,13,0,2,5824.774
2011,3,12,6,12,0,2,5824.776
2011,3,12,6,11,0,2,5824.766
2011,3,12,6,10,0,2,5824.768
2011,3,12,6,9,0,2,5824.766
2011,3,12,6,8,0,2,5824.767
2011,3,12,6,7,0,2,5824.769
2011,3,12,6,6,0,2,5824.77
2011,3,12,6,5,0,2,5824.767
2011,3,12,6,4,0,2,5824.758
2011,3,12,6,3,0,2,5824.751
2011,3,12,6,2,0,2,5824.753
2011,3,12,6,1,0,2,5824.741
2011,3,12,6,0,0,2,5824.733
2011,3,12,6,0,0,1,9999
2011,3,12,5,59,0,2,5824.727
2011,3,12,5,58,0,2,5824.722
2011,3,12,5,57,0,2,5824.729
2011,3,12,5,56,0,2,5824.732
2011,3,12,5,55,0,2,5824.725
2011,3,12,5,54,0,2,5824.729
2011,3,12,5,53,0,2,5824.734
2011,3,12,5,52,0,2,5824.737
2011,3,12,5,51,0,2,5824.734
2011,3,12,5,50,0,2,5824.734
2011,3,12,5,49,0,2,5824.729
2011,3,12,5,48,0,2,5824.733
2011,3,12,5,47,0,2,5824.733
2011,3,12,5,46,0,2,5824.731
2011,3,12,5,45,0,2,5824.737
2011,3,12,5,45,0,1,9999
2011,3,12,5,44,0,2,5824.736
2011,3,12,5,43,0,2,5824.737
2011,3,12,5,42,0,2,5824.748
2011,3,12,5,41,0,2,5824.75
2011,3,12,5,40,0,2,5824.746
2011,3,12,5,39,0,2,5824.735
2011,3,12,5,38,0,2,5824.729
2011,3,12,5,37,0,2,5824.716
2011,3,12,5,36,0,2,5824.706
2011,3,12,5,35,0,2,5824.708
2011,3,12,5,34,0,2,5824.706
2011,3,12,5,33,0,2,5824.71
2011,3,12,5,32,0,2,5824.717
2011,3,12,5,31,0,2,5824.717
2011,3,12,5,30,0,2,5824.722
2011,3,12,5,30,0,1,9999
2011,3,12,5,29,0,2,5824.722
2011,3,12,5,28,0,2,5824.724
2011,3,12,5,27,0,2,5824.717
2011,3,12,5,26,0,2,5824.718
2011,3,12,5,25,0,2,5824.722
2011,3,12,5,24,0,2,5824.727
2011,3,12,5,23,0,2,5824.723
2011,3,12,5,22,0,2,5824.716
2011,3,12,5,21,0,2,5824.716
2011,3,12,5,20,0,2,5824.728
2011,3,12,5,19,0,2,5824.731
2011,3,12,5,18,0,2,5824.717
2011,3,12,5,17,0,2,5824.717
2011,3,12,5,16,0,2,5824.724
2011,3,12,5,15,0,2,5824.727
2011,3,12,5,15,0,1,9999
2011,3,12,5,14,0,2,5824.72
2011,3,12,5,13,0,2,5824.72
2011,3,12,5,12,0,2,5824.728
2011,3,12,5,11,0,2,5824.724
2011,3,12,5,10,0,2,5824.72
2011,3,12,5,9,0,2,5824.722
2011,3,12,5,8,0,2,5824.725
2011,3,12,5,7,0,2,5824.737
2011,3,12,5,6,0,2,5824.751
2011,3,12,5,5,0,2,5824.761
2011,3,12,5,4,0,2,5824.756
2011,3,12,5,3,0,2,5824.756
2011,3,12,5,2,0,2,5824.755
2011,3,12,5,1,0,2,5824.753
2011,3,12,5,0,0,2,5824.74
2011,3,12,5,0,0,1,9999
2011,3,12,4,59,0,2,5824.736
2011,3,12,4,58,0,2,5824.743
2011,3,12,4,57,0,2,5824.726
2011,3,12,4,56,0,2,5824.715
2011,3,12,4,55,0,2,5824.72
2011,3,12,4,54,0,2,5824.722
2011,3,12,4,53,0,2,5824.726
2011,3,12,4,52,0,2,5824.724
2011,3,12,4,51,0,2,5824.721
2011,3,12,4,50,0,2,5824.72
2011,3,12,4,49,0,2,5824.72
2011,3,12,4,48,0,2,5824.725
2011,3,12,4,47,0,2,5824.717
2011,3,12,4,46,0,2,5824.707
2011,3,12,4,45,0,2,5824.704
2011,3,12,4,45,0,1,9999
2011,3,12,4,44,0,2,5824.7
2011,3,12,4,43,0,2,5824.696
2011,3,12,4,42,0,2,5824.708
2011,3,12,4,41,0,2,5824.71
2011,3,12,4,40,0,2,5824.711
2011,3,12,4,39,0,2,5824.703
2011,3,12,4,38,0,2,5824.697
2011,3,12,4,37,0,2,5824.696
2011,3,12,4,36,0,2,5824.701
2011,3,12,4,35,0,2,5824.712
2011,3,12,4,34,0,2,5824.715
2011,3,12,4,33,0,2,5824.714
2011,3,12,4,32,0,2,5824.725
2011,3,12,4,31,0,2,5824.73
2011,3,12,4,30,0,2,5824.72
2011,3,12,4,30,0,1,9999
2011,3,12,4,29,0,2,5824.717
2011,3,12,4,28,0,2,5824.713
2011,3,12,4,27,0,2,5824.706
2011,3,12,4,26,0,2,5824.704
2011,3,12,4,25,0,2,5824.697
2011,3,12,4,24,0,2,5824.685
2011,3,12,4,23,0,2,5824.689
2011,3,12,4,22,0,2,5824.7
2011,3,12,4,21,0,2,5824.7
2011,3,12,4,20,0,2,5824.689
2011,3,12,4,19,0,2,5824.684
2011,3,12,4,18,0,2,5824.688
2011,3,12,4,17,0,2,5824.691
2011,3,12,4,16,0,2,5824.697
2011,3,12,4,15,0,2,5824.701
2011,3,12,4,15,0,1,9999
2011,3,12,4,14,0,2,5824.704
2011,3,12,4,13,0,2,5824.709
2011,3,12,4,12,0,2,5824.704
2011,3,12,4,11,0,2,5824.716
2011,3,12,4,10,0,2,5824.724
2011,3,12,4,9,0,2,5824.72
2011,3,12,4,8,0,2,5824.729
2011,3,12,4,7,0,2,5824.729
2011,3,12,4,6,0,2,5824.736
2011,3,12,4,5,0,2,5824.743
2011,3,12,4,4,0,2,5824.736
2011,3,12,4,3,0,2,5824.744
2011,3,12,4,2,0,2,5824.745
2011,3,12,4,1,0,2,5824.745
2011,3,12,4,0,0,2,5824.743
2011,3,12,4,0,0,1,9999
2011,3,12,3,59,0,2,5824.738
2011,3,12,3,58,0,2,5824.741
2011,3,12,3,57,0,2,5824.745
2011,3,12,3,56,0,2,5824.748
2011,3,12,3,55,0,2,5824.749
2011,3,12,3,54,0,2,5824.744
2011,3,12,3,53,0,2,5824.749
2011,3,12,3,52,0,2,5824.767
2011,3,12,3,51,0,2,5824.764
2011,3,12,3,50,0,2,5824.765
2011,3,12,3,49,0,2,5824.763
2011,3,12,3,48,0,2,5824.754
2011,3,12,3,47,0,2,5824.757
2011,3,12,3,46,0,2,5824.766
2011,3,12,3,45,0,2,5824.764
2011,3,12,3,45,0,1,9999
2011,3,12,3,44,0,2,5824.757
2011,3,12,3,43,0,2,5824.752
2011,3,12,3,42,0,2,5824.742
2011,3,12,3,41,0,2,5824.739
2011,3,12,3,40,0,2,5824.745
2011,3,12,3,39,0,2,5824.746
2011,3,12,3,38,0,2,5824.741
2011,3,12,3,37,0,2,5824.74
2011,3,12,3,36,0,2,5824.752
2011,3,12,3,35,0,2,5824.76
2011,3,12,3,34,0,2,5824.76
2011,3,12,3,33,0,2,5824.767
2011,3,12,3,32,0,2,5824.755
2011,3,12,3,31,0,2,5824.755
2011,3,12,3,30,0,2,5824.761
2011,3,12,3,30,0,1,9999
2011,3,12,3,29,0,2,5824.762
2011,3,12,3,28,0,2,5824.758
2011,3,12,3,27,0,2,5824.741
2011,3,12,3,26,0,2,5824.739
2011,3,12,3,25,0,2,5824.744
2011,3,12,3,24,0,2,5824.747
2011,3,12,3,23,0,2,5824.749
2011,3,12,3,22,0,2,5824.758
2011,3,12,3,21,0,2,5824.759
2011,3,12,3,20,0,2,5824.755
2011,3,12,3,19,0,2,5824.75
2011,3,12,3,18,0,2,5824.741
2011,3,12,3,17,0,2,5824.741
2011,3,12,3,16,0,2,5824.737
2011,3,12,3,15,0,2,5824.743
2011,3,12,3,15,0,1,9999
2011,3,12,3,14,0,2,5824.755
2011,3,12,3,13,0,2,5824.755
2011,3,12,3,12,0,2,5824.751
2011,3,12,3,11,0,2,5824.755
2011,3,12,3,10,0,2,5824.759
2011,3,12,3,9,0,2,5824.768
2011,3,12,3,8,0,2,5824.774
2011,3,12,3,7,0,2,5824.774
2011,3,12,3,6,0,2,5824.786
2011,3,12,3,5,0,2,5824.782
2011,3,12,3,4,0,2,5824.782
2011,3,12,3,3,0,2,5824.792
2011,3,12,3,2,0,2,5824.785
2011,3,12,3,1,0,2,5824.774
2011,3,12,3,0,0,2,5824.775
2011,3,12,3,0,0,1,9999
2011,3,12,2,59,0,2,5824.783
2011,3,12,2,58,0,2,5824.794
2011,3,12,2,57,0,2,5824.79
2011,3,12,2,56,0,2,5824.77
2011,3,12,2,55,0,2,5824.769
2011,3,12,2,54,0,2,5824.778
2011,3,12,2,53,0,2,5824.772
2011,3,12,2,52,0,2,5824.778
2011,3,12,2,51,0,2,5824.782
2011,3,12,2,50,0,2,5824.776
2011,3,12,2,49,0,2,5824.764
2011,3,12,2,48,0,2,5824.768
2011,3,12,2,47,0,2,5824.777
2011,3,12,2,46,0,2,5824.777
2011,3,12,2,45,0,2,5824.762
2011,3,12,2,45,0,1,9999
2011,3,12,2,44,0,2,5824.761
2011,3,12,2,43,0,2,5824.777
2011,3,12,2,42,0,2,5824.782
2011,3,12,2,41,0,2,5824.786
2011,3,12,2,40,0,2,5824.794
2011,3,12,2,39,0,2,5824.8
2011,3,12,2,38,0,2,5824.803
2011,3,12,2,37,0,2,5824.807
2011,3,12,2,36,0,2,5824.81
2011,3,12,2,35,0,2,5824.817
2011,3,12,2,34,0,2,5824.83
2011,3,12,2,33,0,2,5824.832
2011,3,12,2,32,0,2,5824.822
2011,3,12,2,31,0,2,5824.81
2011,3,12,2,30,0,2,5824.814
2011,3,12,2,30,0,1,9999
2011,3,12,2,29,0,2,5824.834
2011,3,12,2,28,0,2,5824.839
2011,3,12,2,27,0,2,5824.847
2011,3,12,2,26,0,2,5824.858
2011,3,12,2,25,0,2,5824.853
2011,3,12,2,24,0,2,5824.85
2011,3,12,2,23,0,2,5824.85
2011,3,12,2,22,0,2,5824.841
2011,3,12,2,21,0,2,5824.829
2011,3,12,2,20,0,2,5824.825
2011,3,12,2,19,0,2,5824.816
2011,3,12,2,18,0,2,5824.808
2011,3,12,2,17,0,2,5824.814
2011,3,12,2,16,0,2,5824.814
2011,3,12,2,15,0,2,5824.828
2011,3,12,2,15,0,1,9999
2011,3,12,2,14,0,2,5824.826
2011,3,12,2,13,0,2,5824.831
2011,3,12,2,12,0,2,5824.824
2011,3,12,2,11,0,2,5824.839
2011,3,12,2,10,0,2,5824.84
2011,3,12,2,9,0,2,5824.856
2011,3,12,2,8,0,2,5824.849
2011,3,12,2,7,0,2,5824.84
2011,3,12,2,6,0,2,5824.842
2011,3,12,2,5,0,2,5824.857
2011,3,12,2,4,0,2,5824.853
2011,3,12,2,3,0,2,5824.843
2011,3,12,2,2,0,2,5824.856
2011,3,12,2,1,0,2,5824.861
2011,3,12,2,0,0,2,5824.873
2011,3,12,2,0,0,1,9999
2011,3,12,1,59,45,2,5824.887
2011,3,12,1,59,0,2,5824.887
2011,3,12,1,58,45,2,5824.874
2011,3,12,1,58,0,2,5824.874
2011,3,12,1,57,45,2,5824.88
2011,3,12,1,57,0,2,5824.88
2011,3,12,1,56,45,2,5824.889
2011,3,12,1,56,0,2,5824.889
2011,3,12,1,55,45,2,5824.884
2011,3,12,1,55,0,2,5824.884
2011,3,12,1,54,45,2,5824.889
2011,3,12,1,54,0,2,5824.889
2011,3,12,1,53,45,2,5824.883
2011,3,12,1,53,0,2,5824.883
2011,3,12,1,52,45,2,5824.879
2011,3,12,1,52,0,2,5824.879
2011,3,12,1,51,45,2,5824.889
2011,3,12,1,51,0,2,5824.889
2011,3,12,1,50,45,2,5824.89
2011,3,12,1,50,0,2,5824.89
2011,3,12,1,49,45,2,5824.896
2011,3,12,1,49,0,2,5824.896
2011,3,12,1,48,45,2,5824.891
2011,3,12,1,48,0,2,5824.891
2011,3,12,1,47,45,2,5824.861
2011,3,12,1,47,0,2,5824.861
2011,3,12,1,46,45,2,5824.855
2011,3,12,1,46,0,2,5824.855
2011,3,12,1,45,45,2,5824.863
2011,3,12,1,45,0,2,5824.863
2011,3,12,1,45,0,1,9999
2011,3,12,1,44,45,2,5824.881
2011,3,12,1,44,0,2,5824.881
2011,3,12,1,43,45,2,5824.886
2011,3,12,1,43,0,2,5824.886
2011,3,12,1,42,45,2,5824.88
2011,3,12,1,42,0,2,5824.88
2011,3,12,1,41,45,2,5824.884
2011,3,12,1,41,0,2,5824.884
2011,3,12,1,40,45,2,5824.878
2011,3,12,1,40,0,2,5824.878
2011,3,12,1,39,45,2,5824.88
2011,3,12,1,39,0,2,5824.88
2011,3,12,1,38,45,2,5824.88
2011,3,12,1,38,0,2,5824.88
2011,3,12,1,37,45,2,5824.876
2011,3,12,1,37,0,2,5824.876
2011,3,12,1,36,45,2,5824.883
2011,3,12,1,36,0,2,5824.883
2011,3,12,1,35,45,2,5824.896
2011,3,12,1,35,0,2,5824.896
2011,3,12,1,34,45,2,5824.894
2011,3,12,1,34,0,2,5824.894
2011,3,12,1,33,45,2,5824.889
2011,3,12,1,33,0,2,5824.889
2011,3,12,1,32,45,2,5824.887
2011,3,12,1,32,0,2,5824.887
2011,3,12,1,31,45,2,5824.905
2011,3,12,1,31,0,2,5824.905
2011,3,12,1,30,45,2,5824.902
2011,3,12,1,30,0,2,5824.902
2011,3,12,1,30,0,1,9999
2011,3,12,1,29,45,2,5824.876
2011,3,12,1,29,0,2,5824.876
2011,3,12,1,28,45,2,5824.893
2011,3,12,1,28,0,2,5824.893
2011,3,12,1,27,45,2,5824.907
2011,3,12,1,27,0,2,5824.907
2011,3,12,1,26,45,2,5824.914
2011,3,12,1,26,0,2,5824.914
2011,3,12,1,25,45,2,5824.929
2011,3,12,1,25,0,2,5824.929
2011,3,12,1,24,45,2,5824.937
2011,3,12,1,24,0,2,5824.937
2011,3,12,1,23,45,2,5824.936
2011,3,12,1,23,0,2,5824.936
2011,3,12,1,22,45,2,5824.933
2011,3,12,1,22,0,2,5824.933
2011,3,12,1,21,45,2,5824.932
2011,3,12,1,21,0,2,5824.932
2011,3,12,1,20,45,2,5824.937
2011,3,12,1,20,0,2,5824.937
2011,3,12,1,19,45,2,5824.95
2011,3,12,1,19,0,2,5824.95
2011,3,12,1,18,45,2,5824.951
2011,3,12,1,18,0,2,5824.951
2011,3,12,1,17,45,2,5824.946
2011,3,12,1,17,0,2,5824.946
2011,3,12,1,16,45,2,5824.951
2011,3,12,1,16,0,2,5824.951
2011,3,12,1,15,45,2,5824.95
2011,3,12,1,15,0,2,5824.95
2011,3,12,1,15,0,1,9999
2011,3,12,1,14,45,2,5824.927
2011,3,12,1,14,0,2,5824.927
2011,3,12,1,13,45,2,5824.923
2011,3,12,1,13,0,2,5824.923
2011,3,12,1,12,45,2,5824.925
2011,3,12,1,12,0,2,5824.925
2011,3,12,1,11,45,2,5824.922
2011,3,12,1,11,0,2,5824.922
2011,3,12,1,10,45,2,5824.934
2011,3,12,1,10,0,2,5824.934
2011,3,12,1,9,45,2,5824.929
2011,3,12,1,9,0,2,5824.929
2011,3,12,1,8,45,2,5824.931
2011,3,12,1,8,0,2,5824.931
2011,3,12,1,7,45,2,5824.935
2011,3,12,1,7,0,2,5824.935
2011,3,12,1,6,45,2,5824.945
2011,3,12,1,6,0,2,5824.945
2011,3,12,1,5,45,2,5824.958
2011,3,12,1,5,0,2,5824.958
2011,3,12,1,4,45,2,5824.971
2011,3,12,1,4,0,2,5824.971
2011,3,12,1,3,45,2,5824.967
2011,3,12,1,3,0,2,5824.967
2011,3,12,1,2,45,2,5824.96
2011,3,12,1,2,0,2,5824.96
2011,3,12,1,1,45,2,5824.967
2011,3,12,1,1,0,2,5824.967
2011,3,12,1,0,45,2,5824.961
2011,3,12,1,0,0,2,5824.961
2011,3,12,1,0,0,1,9999
2011,3,12,0,59,45,2,5824.96
2011,3,12,0,59,0,2,5824.96
2011,3,12,0,58,45,2,5824.963
2011,3,12,0,58,0,2,5824.963
2011,3,12,0,57,45,2,5824.962
2011,3,12,0,57,0,2,5824.962
2011,3,12,0,56,45,2,5824.952
2011,3,12,0,56,0,2,5824.952
2011,3,12,0,55,45,2,5824.949
2011,3,12,0,55,0,2,5824.949
2011,3,12,0,54,45,2,5824.952
2011,3,12,0,54,0,2,5824.952
2011,3,12,0,53,45,2,5824.946
2011,3,12,0,53,0,2,5824.946
2011,3,12,0,52,45,2,5824.95
2011,3,12,0,52,0,2,5824.95
2011,3,12,0,51,45,2,5824.947
2011,3,12,0,51,0,2,5824.947
2011,3,12,0,50,45,2,5824.942
2011,3,12,0,50,0,2,5824.942
2011,3,12,0,49,45,2,5824.956
2011,3,12,0,49,0,2,5824.956
2011,3,12,0,48,45,2,5824.968
2011,3,12,0,48,0,2,5824.968
2011,3,12,0,47,45,2,5824.966
2011,3,12,0,47,0,2,5824.966
2011,3,12,0,46,45,2,5824.972
2011,3,12,0,46,0,2,5824.972
2011,3,12,0,45,45,2,5824.974
2011,3,12,0,45,0,2,5824.974
2011,3,12,0,45,0,1,9999
2011,3,12,0,44,45,2,5824.972
2011,3,12,0,44,0,2,5824.972
2011,3,12,0,43,45,2,5824.977
2011,3,12,0,43,0,2,5824.977
2011,3,12,0,42,45,2,5824.99
2011,3,12,0,42,0,2,5824.99
2011,3,12,0,41,45,2,5824.994
2011,3,12,0,41,0,2,5824.994
2011,3,12,0,40,45,2,5824.985
2011,3,12,0,40,0,2,5824.985
2011,3,12,0,39,45,2,5824.977
2011,3,12,0,39,0,2,5824.977
2011,3,12,0,38,45,2,5824.975
2011,3,12,0,38,0,2,5824.975
2011,3,12,0,37,45,2,5824.979
2011,3,12,0,37,0,2,5824.979
2011,3,12,0,36,45,2,5824.979
2011,3,12,0,36,0,2,5824.979
2011,3,12,0,35,45,2,5824.98
2011,3,12,0,35,0,2,5824.98
2011,3,12,0,34,45,2,5824.987
2011,3,12,0,34,0,2,5824.987
2011,3,12,0,33,45,2,5824.986
2011,3,12,0,33,0,2,5824.986
2011,3,12,0,32,45,2,5824.988
2011,3,12,0,32,0,2,5824.988
2011,3,12,0,31,45,2,5824.981
2011,3,12,0,31,0,2,5824.981
2011,3,12,0,30,45,2,5824.971
2011,3,12,0,30,0,2,5824.971
2011,3,12,0,30,0,1,9999
2011,3,12,0,29,45,2,5824.97
2011,3,12,0,29,0,2,5824.97
2011,3,12,0,28,45,2,5824.985
2011,3,12,0,28,0,2,5824.985
2011,3,12,0,27,45,2,5824.983
2011,3,12,0,27,0,2,5824.983
2011,3,12,0,26,45,2,5824.987
2011,3,12,0,26,0,2,5824.987
2011,3,12,0,25,45,2,5824.994
2011,3,12,0,25,0,2,5824.994
2011,3,12,0,24,45,2,5824.995
2011,3,12,0,24,0,2,5824.995
2011,3,12,0,23,45,2,5825.006
2011,3,12,0,23,0,2,5825.006
2011,3,12,0,22,45,2,5825.011
2011,3,12,0,22,0,2,5825.011
2011,3,12,0,21,45,2,5825.012
2011,3,12,0,21,0,2,5825.012
2011,3,12,0,20,45,2,5825.016
2011,3,12,0,20,0,2,5825.016
2011,3,12,0,19,45,2,5825.025
2011,3,12,0,19,0,2,5825.025
2011,3,12,0,18,45,2,5825.025
2011,3,12,0,18,0,2,5825.025
2011,3,12,0,17,45,2,5825.042
2011,3,12,0,17,0,2,5825.042
2011,3,12,0,16,45,2,5825.026
2011,3,12,0,16,0,2,5825.026
2011,3,12,0,15,45,2,5825.012
2011,3,12,0,15,0,2,5825.012
2011,3,12,0,15,0,1,9999
2011,3,12,0,14,45,2,5825.035
2011,3,12,0,14,0,2,5825.035
2011,3,12,0,13,45,2,5825.046
2011,3,12,0,13,0,2,5825.046
2011,3,12,0,12,45,2,5825.047
2011,3,12,0,12,0,2,5825.047
2011,3,12,0,11,45,2,5825.05
2011,3,12,0,11,0,2,5825.05
2011,3,12,0,10,45,2,5825.048
2011,3,12,0,10,0,2,5825.048
2011,3,12,0,9,45,2,5825.045
2011,3,12,0,9,0,2,5825.045
2011,3,12,0,8,45,2,5825.046
2011,3,12,0,8,0,2,5825.046
2011,3,12,0,7,45,2,5825.062
2011,3,12,0,7,0,2,5825.062
2011,3,12,0,6,45,2,5825.071
2011,3,12,0,6,0,2,5825.071
2011,3,12,0,5,45,2,5825.067
2011,3,12,0,5,0,2,5825.067
2011,3,12,0,4,45,2,5825.058
2011,3,12,0,4,0,2,5825.058
2011,3,12,0,3,45,2,5825.063
2011,3,12,0,3,0,2,5825.063
2011,3,12,0,2,45,2,5825.066
2011,3,12,0,2,0,2,5825.066
2011,3,12,0,1,45,2,5825.071
2011,3,12,0,1,0,2,5825.071
2011,3,12,0,0,45,2,5825.058
2011,3,12,0,0,0,2,5825.058
2011,3,12,0,0,0,1,9999
2011,3,11,23,59,0,2,5825.049
2011,3,11,23,58,0,2,5825.055
2011,3,11,23,57,0,2,5825.068
2011,3,11,23,56,0,2,5825.072
2011,3,11,23,55,0,2,5825.067
2011,3,11,23,54,0,2,5825.088
2011,3,11,23,53,0,2,5825.097
2011,3,11,23,52,0,2,5825.104
2011,3,11,23,51,0,2,5825.094
2011,3,11,23,50,0,2,5825.103
2011,3,11,23,49,0,2,5825.114
2011,3,11,23,48,0,2,5825.098
2011,3,11,23,47,0,2,5825.089
2011,3,11,23,46,0,2,5825.096
2011,3,11,23,45,0,2,5825.082
2011,3,11,23,45,0,1,9999
2011,3,11,23,44,0,2,5825.07
2011,3,11,23,43,0,2,5825.063
2011,3,11,23,42,0,2,5825.06
2011,3,11,23,41,0,2,5825.068
2011,3,11,23,40,0,2,5825.063
2011,3,11,23,39,0,2,5825.067
2011,3,11,23,38,0,2,5825.073
2011,3,11,23,37,0,2,5825.069
2011,3,11,23,36,0,2,5825.074
2011,3,11,23,35,0,2,5825.08
2011,3,11,23,34,0,2,5825.09
2011,3,11,23,33,0,2,5825.087
2011,3,11,23,32,0,2,5825.1
2011,3,11,23,31,0,2,5825.104
2011,3,11,23,30,0,2,5825.087
2011,3,11,23,30,0,1,9999
2011,3,11,23,29,0,2,5825.078
2011,3,11,23,28,0,2,5825.073
2011,3,11,23,27,0,2,5825.07
2011,3,11,23,26,0,2,5825.068
2011,3,11,23,25,0,2,5825.062
2011,3,11,23,24,0,2,5825.076
2011,3,11,23,23,0,2,5825.093
2011,3,11,23,22,0,2,5825.088
2011,3,11,23,21,0,2,5825.084
2011,3,11,23,20,0,2,5825.09
2011,3,11,23,19,0,2,5825.104
2011,3,11,23,18,0,2,5825.112
2011,3,11,23,17,0,2,5825.109
2011,3,11,23,16,0,2,5825.107
2011,3,11,23,15,0,2,5825.124
2011,3,11,23,15,0,1,9999
2011,3,11,23,14,0,2,5825.127
2011,3,11,23,13,0,2,5825.116
2011,3,11,23,12,0,2,5825.13
2011,3,11,23,11,0,2,5825.149
2011,3,11,23,10,0,2,5825.152
2011,3,11,23,9,0,2,5825.15
2011,3,11,23,8,0,2,5825.146
2011,3,11,23,7,0,2,5825.149
2011,3,11,23,6,0,2,5825.137
2011,3,11,23,5,0,2,5825.112
2011,3,11,23,4,0,2,5825.103
2011,3,11,23,3,0,2,5825.121
2011,3,11,23,2,0,2,5825.148
2011,3,11,23,1,0,2,5825.14
2011,3,11,23,0,0,2,5825.133
2011,3,11,23,0,0,1,9999
2011,3,11,22,59,0,2,5825.148
2011,3,11,22,58,0,2,5825.142
2011,3,11,22,57,0,2,5825.145
2011,3,11,22,56,0,2,5825.146
2011,3,11,22,55,0,2,5825.146
2011,3,11,22,54,0,2,5825.155
2011,3,11,22,53,0,2,5825.153
2011,3,11,22,52,0,2,5825.148
2011,3,11,22,51,0,2,5825.154
2011,3,11,22,50,0,2,5825.151
2011,3,11,22,49,0,2,5825.151
2011,3,11,22,48,0,2,5825.154
2011,3,11,22,47,0,2,5825.161
2011,3,11,22,46,0,2,5825.165
2011,3,11,22,45,0,2,5825.15
2011,3,11,22,45,0,1,9999
2011,3,11,22,44,0,2,5825.134
2011,3,11,22,43,0,2,5825.125
2011,3,11,22,42,0,2,5825.128
2011,3,11,22,41,0,2,5825.124
2011,3,11,22,40,0,2,5825.129
2011,3,11,22,39,0,2,5825.13
2011,3,11,22,38,0,2,5825.133
2011,3,11,22,37,0,2,5825.135
2011,3,11,22,36,0,2,5825.128
2011,3,11,22,35,0,2,5825.133
2011,3,11,22,34,0,2,5825.15
2011,3,11,22,33,0,2,5825.168
2011,3,11,22,32,0,2,5825.182
2011,3,11,22,31,0,2,5825.177
2011,3,11,22,30,0,2,5825.177
2011,3,11,22,30,0,1,9999
2011,3,11,22,29,0,2,5825.171
2011,3,11,22,28,0,2,5825.161
2011,3,11,22,27,0,2,5825.156
2011,3,11,22,26,0,2,5825.159
2011,3,11,22,25,0,2,5825.162
2011,3,11,22,24,0,2,5825.159
2011,3,11,22,23,0,2,5825.149
2011,3,11,22,22,0,2,5825.154
2011,3,11,22,21,0,2,5825.164
2011,3,11,22,20,0,2,5825.164
2011,3,11,22,19,0,2,5825.15
2011,3,11,22,18,0,2,5825.17
2011,3,11,22,17,0,2,5825.186
2011,3,11,22,16,0,2,5825.183
2011,3,11,22,15,0,2,5825.198
2011,3,11,22,15,0,1,9999
2011,3,11,22,14,0,2,5825.211
2011,3,11,22,13,0,2,5825.218
2011,3,11,22,12,0,2,5825.209
2011,3,11,22,11,0,2,5825.206
2011,3,11,22,10,0,2,5825.22
2011,3,11,22,9,0,2,5825.231
2011,3,11,22,8,0,2,5825.234
2011,3,11,22,7,0,2,5825.228
2011,3,11,22,6,0,2,5825.208
2011,3,11,22,5,0,2,5825.191
2011,3,11,22,4,0,2,5825.184
2011,3,11,22,3,0,2,5825.173
2011,3,11,22,2,0,2,5825.17
2011,3,11,22,1,0,2,5825.155
2011,3,11,22,0,0,2,5825.137
2011,3,11,22,0,0,1,9999
2011,3,11,21,59,0,2,5825.138
2011,3,11,21,58,0,2,5825.141
2011,3,11,21,57,0,2,5825.144
2011,3,11,21,56,0,2,5825.15
2011,3,11,21,55,0,2,5825.179
2011,3,11,21,54,0,2,5825.203
2011,3,11,21,53,0,2,5825.191
2011,3,11,21,52,0,2,5825.196
2011,3,11,21,51,0,2,5825.21
2011,3,11,21,50,0,2,5825.203
2011,3,11,21,49,0,2,5825.212
2011,3,11,21,48,0,2,5825.213
2011,3,11,21,47,0,2,5825.2
2011,3,11,21,46,0,2,5825.215
2011,3,11,21,45,0,2,5825.226
2011,3,11,21,45,0,1,9999
2011,3,11,21,44,0,2,5825.227
2011,3,11,21,43,0,2,5825.236
2011,3,11,21,42,0,2,5825.243
2011,3,11,21,41,0,2,5825.236
2011,3,11,21,40,0,2,5825.23
2011,3,11,21,39,0,2,5825.22
2011,3,11,21,38,0,2,5825.226
2011,3,11,21,37,0,2,5825.226
2011,3,11,21,36,0,2,5825.205
2011,3,11,21,35,0,2,5825.224
2011,3,11,21,34,0,2,5825.232
2011,3,11,21,33,0,2,5825.229
2011,3,11,21,32,0,2,5825.23
2011,3,11,21,31,0,2,5825.225
2011,3,11,21,30,0,2,5825.23
2011,3,11,21,30,0,1,9999
2011,3,11,21,29,0,2,5825.226
2011,3,11,21,28,0,2,5825.201
2011,3,11,21,27,0,2,5825.201
2011,3,11,21,26,0,2,5825.218
2011,3,11,21,25,0,2,5825.206
2011,3,11,21,24,0,2,5825.205
2011,3,11,21,23,0,2,5825.216
2011,3,11,21,22,0,2,5825.21
2011,3,11,21,21,0,2,5825.206
2011,3,11,21,20,0,2,5825.204
2011,3,11,21,19,0,2,5825.207
2011,3,11,21,18,0,2,5825.214
2011,3,11,21,17,0,2,5825.209
2011,3,11,21,16,0,2,5825.211
2011,3,11,21,15,0,2,5825.2
2011,3,11,21,15,0,1,9999
2011,3,11,21,14,0,2,5825.186
2011,3,11,21,13,0,2,5825.194
2011,3,11,21,12,0,2,5825.187
2011,3,11,21,11,0,2,5825.17
2011,3,11,21,10,0,2,5825.178
2011,3,11,21,9,0,2,5825.194
2011,3,11,21,8,0,2,5825.205
2011,3,11,21,7,0,2,5825.201
2011,3,11,21,6,0,2,5825.209
2011,3,11,21,5,0,2,5825.214
2011,3,11,21,4,0,2,5825.223
2011,3,11,21,3,0,2,5825.22
2011,3,11,21,2,0,2,5825.217
2011,3,11,21,1,0,2,5825.229
2011,3,11,21,0,0,2,5825.228
2011,3,11,21,0,0,1,9999
2011,3,11,20,59,0,2,5825.224
2011,3,11,20,58,0,2,5825.233
2011,3,11,20,57,0,2,5825.239
2011,3,11,20,56,0,2,5825.21
2011,3,11,20,55,0,2,5825.196
2011,3,11,20,54,0,2,5825.194
2011,3,11,20,53,0,2,5825.181
2011,3,11,20,52,0,2,5825.186
2011,3,11,20,51,0,2,5825.182
2011,3,11,20,50,0,2,5825.193
2011,3,11,20,49,0,2,5825.193
2011,3,11,20,48,0,2,5825.191
2011,3,11,20,47,0,2,5825.212
2011,3,11,20,46,0,2,5825.219
2011,3,11,20,45,0,2,5825.216
2011,3,11,20,45,0,1,9999
2011,3,11,20,44,0,2,5825.207
2011,3,11,20,43,0,2,5825.2
2011,3,11,20,42,0,2,5825.204
2011,3,11,20,41,0,2,5825.208
2011,3,11,20,40,0,2,5825.208
2011,3,11,20,39,0,2,5825.202
2011,3,11,20,38,0,2,5825.198
2011,3,11,20,37,0,2,5825.199
2011,3,11,20,36,0,2,5825.191
2011,3,11,20,35,0,2,5825.196
2011,3,11,20,34,0,2,5825.202
2011,3,11,20,33,0,2,5825.18
2011,3,11,20,32,0,2,5825.182
2011,3,11,20,31,0,2,5825.186
2011,3,11,20,30,0,2,5825.193
2011,3,11,20,30,0,1,9999
2011,3,11,20,29,0,2,5825.195
2011,3,11,20,28,0,2,5825.186
2011,3,11,20,27,0,2,5825.186
2011,3,11,20,26,0,2,5825.184
2011,3,11,20,25,0,2,5825.181
2011,3,11,20,24,0,2,5825.187
2011,3,11,20,23,0,2,5825.19
2011,3,11,20,22,0,2,5825.2
2011,3,11,20,21,0,2,5825.209
2011,3,11,20,20,0,2,5825.216
2011,3,11,20,19,0,2,5825.235
2011,3,11,20,18,0,2,5825.244
2011,3,11,20,17,0,2,5825.248
2011,3,11,20,16,0,2,5825.234
2011,3,11,20,15,0,2,5825.221
2011,3,11,20,15,0,1,9999
2011,3,11,20,14,0,2,5825.234
2011,3,11,20,13,0,2,5825.244
2011,3,11,20,12,0,2,5825.231
2011,3,11,20,11,0,2,5825.22
2011,3,11,20,10,0,2,5825.234
2011,3,11,20,9,0,2,5825.228
2011,3,11,20,8,0,2,5825.22
2011,3,11,20,7,0,2,5825.239
2011,3,11,20,6,0,2,5825.235
2011,3,11,20,5,0,2,5825.222
2011,3,11,20,4,0,2,5825.212
2011,3,11,20,3,0,2,5825.189
2011,3,11,20,2,0,2,5825.176
2011,3,11,20,1,0,2,5825.174
2011,3,11,20,0,0,2,5825.188
2011,3,11,20,0,0,1,9999
2011,3,11,19,59,0,2,5825.199
2011,3,11,19,58,0,2,5825.212
2011,3,11,19,57,0,2,5825.22
2011,3,11,19,56,0,2,5825.22
2011,3,11,19,55,0,2,5825.225
2011,3,11,19,54,0,2,5825.229
2011,3,11,19,53,0,2,5825.23
2011,3,11,19,52,0,2,5825.235
2011,3,11,19,51,0,2,5825.218
2011,3,11,19,50,0,2,5825.184
2011,3,11,19,49,0,2,5825.17
2011,3,11,19,48,0,2,5825.163
2011,3,11,19,47,0,2,5825.145
2011,3,11,19,46,0,2,5825.164
2011,3,11,19,45,0,2,5825.169
2011,3,11,19,45,0,1,9999
2011,3,11,19,44,0,2,5825.16
2011,3,11,19,43,0,2,5825.163
2011,3,11,19,42,0,2,5825.16
2011,3,11,19,41,0,2,5825.165
2011,3,11,19,40,0,2,5825.188
2011,3,11,19,39,0,2,5825.189
2011,3,11,19,38,0,2,5825.182
2011,3,11,19,37,0,2,5825.194
2011,3,11,19,36,0,2,5825.183
2011,3,11,19,35,0,2,5825.193
2011,3,11,19,34,0,2,5825.212
2011,3,11,19,33,0,2,5825.187
2011,3,11,19,32,0,2,5825.174
2011,3,11,19,31,0,2,5825.199
2011,3,11,19,30,0,2,5825.214
2011,3,11,19,30,0,1,9999
2011,3,11,19,29,0,2,5825.214
2011,3,11,19,28,0,2,5825.217
2011,3,11,19,27,0,2,5825.205
2011,3,11,19,26,0,2,5825.188
2011,3,11,19,25,0,2,5825.184
2011,3,11,19,24,0,2,5825.18
2011,3,11,19,23,0,2,5825.182
2011,3,11,19,22,0,2,5825.192
2011,3,11,19,21,0,2,5825.2
2011,3,11,19,20,0,2,5825.208
2011,3,11,19,19,0,2,5825.212
2011,3,11,19,18,0,2,5825.193
2011,3,11,19,17,0,2,5825.19
2011,3,11,19,16,0,2,5825.22
2011,3,11,19,15,0,2,5825.213
2011,3,11,19,15,0,1,9999
2011,3,11,19,14,0,2,5825.195
2011,3,11,19,13,0,2,5825.17
2011,3,11,19,12,0,2,5825.137
2011,3,11,19,11,0,2,5825.133
2011,3,11,19,10,0,2,5825.139
2011,3,11,19,9,0,2,5825.157
2011,3,11,19,8,0,2,5825.173
2011,3,11,19,7,0,2,5825.16
2011,3,11,19,6,0,2,5825.166
2011,3,11,19,5,0,2,5825.169
2011,3,11,19,4,0,2,5825.168
2011,3,11,19,3,0,2,5825.186
2011,3,11,19,2,0,2,5825.178
2011,3,11,19,1,0,2,5825.165
2011,3,11,19,0,0,2,5825.172
2011,3,11,19,0,0,1,9999
2011,3,11,18,59,0,2,5825.162
2011,3,11,18,58,0,2,5825.164
2011,3,11,18,57,0,2,5825.154
2011,3,11,18,56,0,2,5825.137
2011,3,11,18,55,0,2,5825.152
2011,3,11,18,54,0,2,5825.161
2011,3,11,18,53,0,2,5825.156
2011,3,11,18,52,0,2,5825.147
2011,3,11,18,51,0,2,5825.156
2011,3,11,18,50,0,2,5825.174
2011,3,11,18,49,0,2,5825.177
2011,3,11,18,48,0,2,5825.158
2011,3,11,18,47,0,2,5825.131
2011,3,11,18,46,0,2,5825.143
2011,3,11,18,45,0,2,5825.143
2011,3,11,18,45,0,1,9999
2011,3,11,18,44,0,2,5825.129
2011,3,11,18,43,0,2,5825.121
2011,3,11,18,42,0,2,5825.132
2011,3,11,18,41,0,2,5825.138
2011,3,11,18,40,0,2,5825.115
2011,3,11,18,39,0,2,5825.113
2011,3,11,18,38,0,2,5825.138
2011,3,11,18,37,0,2,5825.134
2011,3,11,18,36,0,2,5825.124
2011,3,11,18,35,0,2,5825.133
2011,3,11,18,34,0,2,5825.157
2011,3,11,18,33,0,2,5825.162
2011,3,11,18,32,0,2,5825.141
2011,3,11,18,31,0,2,5825.137
2011,3,11,18,30,0,2,5825.146
2011,3,11,18,30,0,1,9999
2011,3,11,18,29,0,2,5825.139
2011,3,11,18,28,0,2,5825.129
2011,3,11,18,27,0,2,5825.131
2011,3,11,18,26,0,2,5825.13
2011,3,11,18,25,0,2,5825.107
2011,3,11,18,24,0,2,5825.099
2011,3,11,18,23,0,2,5825.104
2011,3,11,18,22,0,2,5825.1
2011,3,11,18,21,0,2,5825.092
2011,3,11,18,20,0,2,5825.088
2011,3,11,18,19,0,2,5825.081
2011,3,11,18,18,0,2,5825.082
2011,3,11,18,17,0,2,5825.09
2011,3,11,18,16,0,2,5825.101
2011,3,11,18,15,0,2,5825.095
2011,3,11,18,15,0,1,9999
2011,3,11,18,14,0,2,5825.072
2011,3,11,18,13,0,2,5825.075
2011,3,11,18,12,0,2,5825.095
2011,3,11,18,11,0,2,5825.1
2011,3,11,18,10,0,2,5825.103
2011,3,11,18,9,0,2,5825.1
2011,3,11,18,8,0,2,5825.084
2011,3,11,18,7,0,2,5825.092
2011,3,11,18,6,0,2,5825.11
2011,3,11,18,5,0,2,5825.1
2011,3,11,18,4,0,2,5825.085
2011,3,11,18,3,0,2,5825.074
2011,3,11,18,2,0,2,5825.069
2011,3,11,18,1,0,2,5825.072
2011,3,11,18,0,0,2,5825.084
2011,3,11,18,0,0,1,9999
2011,3,11,17,59,0,2,5825.082
2011,3,11,17,58,0,2,5825.076
2011,3,11,17,57,0,2,5825.085
2011,3,11,17,56,0,2,5825.096
2011,3,11,17,55,0,2,5825.097
2011,3,11,17,54,0,2,5825.097
2011,3,11,17,53,0,2,5825.114
2011,3,11,17,52,0,2,5825.13
2011,3,11,17,51,0,2,5825.101
2011,3,11,17,50,0,2,5825.056
2011,3,11,17,49,0,2,5825.056
2011,3,11,17,48,0,2,5825.077
2011,3,11,17,47,0,2,5825.069
2011,3,11,17,46,0,2,5825.076
2011,3,11,17,45,0,2,5825.078
2011,3,11,17,45,0,1,9999
2011,3,11,17,44,0,2,5825.059
2011,3,11,17,43,0,2,5825.046
2011,3,11,17,42,0,2,5825.038
2011,3,11,17,41,0,2,5825.035
2011,3,11,17,40,0,2,5825.046
2011,3,11,17,39,0,2,5825.05
2011,3,11,17,38,0,2,5825.053
2011,3,11,17,37,0,2,5825.089
2011,3,11,17,36,0,2,5825.116
2011,3,11,17,35,0,2,5825.122
2011,3,11,17,34,0,2,5825.103
2011,3,11,17,33,0,2,5825.113
2011,3,11,17,32,0,2,5825.139
2011,3,11,17,31,0,2,5825.122
2011,3,11,17,30,0,2,5825.1
2011,3,11,17,30,0,1,9999
2011,3,11,17,29,0,2,5825.093
2011,3,11,17,28,0,2,5825.1
2011,3,11,17,27,0,2,5825.096
2011,3,11,17,26,0,2,5825.078
2011,3,11,17,25,0,2,5825.078
2011,3,11,17,24,0,2,5825.09
2011,3,11,17,23,0,2,5825.1
2011,3,11,17,22,0,2,5825.111
2011,3,11,17,21,0,2,5825.093
2011,3,11,17,20,0,2,5825.077
2011,3,11,17,19,0,2,5825.069
2011,3,11,17,18,0,2,5825.076
2011,3,11,17,17,0,2,5825.092
2011,3,11,17,16,0,2,5825.104
2011,3,11,17,15,0,2,5825.113
2011,3,11,17,15,0,1,9999
2011,3,11,17,14,0,2,5825.118
2011,3,11,17,13,0,2,5825.111
2011,3,11,17,12,0,2,5825.097
2011,3,11,17,11,0,2,5825.122
2011,3,11,17,10,0,2,5825.134
2011,3,11,17,9,0,2,5825.132
2011,3,11,17,8,0,2,5825.132
2011,3,11,17,7,0,2,5825.108
2011,3,11,17,6,0,2,5825.084
2011,3,11,17,5,0,2,5825.085
2011,3,11,17,4,0,2,5825.087
2011,3,11,17,3,0,2,5825.074
2011,3,11,17,2,0,2,5825.061
2011,3,11,17,1,0,2,5825.055
2011,3,11,17,0,0,2,5825.044
2011,3,11,17,0,0,1,9999
2011,3,11,16,59,0,2,5825.035
2011,3,11,16,58,0,2,5825.033
2011,3,11,16,57,0,2,5825.026
2011,3,11,16,56,0,2,5825.004
2011,3,11,16,55,0,2,5824.99
2011,3,11,16,54,0,2,5824.995
2011,3,11,16,53,0,2,5824.985
2011,3,11,16,52,0,2,5825.005
2011,3,11,16,51,0,2,5825.03
2011,3,11,16,50,0,2,5825.032
2011,3,11,16,49,0,2,5825.018
2011,3,11,16,48,0,2,5825.012
2011,3,11,16,47,0,2,5825.027
2011,3,11,16,46,0,2,5825.031
2011,3,11,16,45,0,2,5825.028
2011,3,11,16,45,0,1,9999
2011,3,11,16,44,0,2,5825.02
2011,3,11,16,43,0,2,5825.01
2011,3,11,16,42,0,2,5824.995
2011,3,11,16,41,0,2,5824.964
2011,3,11,16,40,0,2,5824.971
2011,3,11,16,39,0,2,5824.998
2011,3,11,16,38,0,2,5825.003
2011,3,11,16,37,0,2,5824.993
2011,3,11,16,36,0,2,5824.97
2011,3,11,16,35,0,2,5824.976
2011,3,11,16,34,0,2,5825
2011,3,11,16,33,0,2,5825.011
2011,3,11,16,32,0,2,5825.017
2011,3,11,16,31,0,2,5825.029
2011,3,11,16,30,0,2,5825.035
2011,3,11,16,30,0,1,9999
2011,3,11,16,29,0,2,5825.02
2011,3,11,16,28,0,2,5825.016
2011,3,11,16,27,0,2,5825.01
2011,3,11,16,26,0,2,5825.013
2011,3,11,16,25,0,2,5825.028
2011,3,11,16,24,0,2,5825.051
2011,3,11,16,23,0,2,5825.068
2011,3,11,16,22,0,2,5825.071
2011,3,11,16,21,0,2,5825.067
2011,3,11,16,20,0,2,5825.046
2011,3,11,16,19,0,2,5825.032
2011,3,11,16,18,0,2,5825.034
2011,3,11,16,17,0,2,5825.055
2011,3,11,16,16,0,2,5825.068
2011,3,11,16,15,0,2,5825.042
2011,3,11,16,15,0,1,9999
2011,3,11,16,14,0,2,5825.044
2011,3,11,16,13,0,2,5825.055
2011,3,11,16,12,0,2,5825.059
2011,3,11,16,11,0,2,5825.041
2011,3,11,16,10,0,2,5825.021
2011,3,11,16,9,0,2,5825.03
2011,3,11,16,8,0,2,5825.01
2011,3,11,16,7,0,2,5824.997
2011,3,11,16,6,0,2,5825.006
2011,3,11,16,5,0,2,5825.02
2011,3,11,16,4,0,2,5825.009
2011,3,11,16,3,0,2,5824.968
2011,3,11,16,2,0,2,5824.971
2011,3,11,16,1,0,2,5824.973
2011,3,11,16,0,0,2,5824.968
2011,3,11,16,0,0,1,9999
2011,3,11,15,59,0,2,5824.961
2011,3,11,15,58,0,2,5824.976
2011,3,11,15,57,0,2,5824.999
2011,3,11,15,56,0,2,5825.023
2011,3,11,15,55,0,2,5825.044
2011,3,11,15,54,0,2,5825.053
2011,3,11,15,53,0,2,5825.06
2011,3,11,15,52,0,2,5825.041
2011,3,11,15,51,0,2,5825.017
2011,3,11,15,50,0,2,5825.003
2011,3,11,15,49,0,2,5824.967
2011,3,11,15,48,0,2,5824.93
2011,3,11,15,47,0,2,5824.9
2011,3,11,15,46,0,2,5824.896
2011,3,11,15,45,0,2,5824.874
2011,3,11,15,45,0,1,9999
2011,3,11,15,44,0,2,5824.873
2011,3,11,15,43,0,2,5824.899
2011,3,11,15,42,0,2,5824.912
2011,3,11,15,41,0,2,5824.924
2011,3,11,15,40,0,2,5824.91
2011,3,11,15,39,0,2,5824.922
2011,3,11,15,38,0,2,5824.941
2011,3,11,15,37,0,2,5824.956
2011,3,11,15,36,0,2,5824.963
2011,3,11,15,35,0,2,5824.975
2011,3,11,15,34,0,2,5825.004
2011,3,11,15,33,0,2,5824.984
2011,3,11,15,32,0,2,5824.985
2011,3,11,15,31,0,2,5825.001
2011,3,11,15,30,0,2,5825.005
2011,3,11,15,30,0,1,9999
2011,3,11,15,29,0,2,5825.01
2011,3,11,15,28,0,2,5824.993
2011,3,11,15,27,0,2,5825.001
2011,3,11,15,26,0,2,5825.017
2011,3,11,15,25,0,2,5825.021
2011,3,11,15,24,0,2,5825.022
2011,3,11,15,23,0,2,5825.014
2011,3,11,15,22,0,2,5825
2011,3,11,15,21,0,2,5824.973
2011,3,11,15,20,0,2,5824.952
2011,3,11,15,19,0,2,5824.968
2011,3,11,15,18,0,2,5824.979
2011,3,11,15,17,0,2,5824.986
2011,3,11,15,16,0,2,5824.979
2011,3,11,15,15,0,2,5824.992
2011,3,11,15,15,0,1,9999
2011,3,11,15,14,0,2,5825.031
2011,3,11,15,13,0,2,5825.024
2011,3,11,15,12,0,2,5825.03
2011,3,11,15,11,0,2,5825.026
2011,3,11,15,10,0,2,5825.001
2011,3,11,15,9,0,2,5824.989
2011,3,11,15,8,0,2,5824.98
2011,3,11,15,7,0,2,5824.995
2011,3,11,15,6,0,2,5824.983
2011,3,11,15,5,0,2,5824.961
2011,3,11,15,4,0,2,5824.96
2011,3,11,15,3,0,2,5824.973
2011,3,11,15,2,0,2,5824.99
2011,3,11,15,1,0,2,5824.967
2011,3,11,15,0,0,2,5824.958
2011,3,11,15,0,0,1,9999
2011,3,11,14,59,0,2,5824.974
2011,3,11,14,58,0,2,5824.966
2011,3,11,14,57,0,2,5824.983
2011,3,11,14,56,0,2,5824.989
2011,3,11,14,55,0,2,5824.98
2011,3,11,14,54,0,2,5824.99
2011,3,11,14,53,0,2,5824.955
2011,3,11,14,52,0,2,5824.924
2011,3,11,14,51,0,2,5824.938
2011,3,11,14,50,0,2,5824.945
2011,3,11,14,49,0,2,5824.969
2011,3,11,14,48,0,2,5824.987
2011,3,11,14,47,0,2,5824.977
2011,3,11,14,46,0,2,5824.971
2011,3,11,14,45,0,2,5824.973
2011,3,11,14,45,0,1,9999
2011,3,11,14,44,0,2,5824.979
2011,3,11,14,43,0,2,5824.989
2011,3,11,14,42,0,2,5825.004
2011,3,11,14,41,0,2,5825.035
2011,3,11,14,40,0,2,5825.026
2011,3,11,14,39,0,2,5825.011
2011,3,11,14,38,0,2,5825.019
2011,3,11,14,37,0,2,5824.992
2011,3,11,14,36,0,2,5824.96
2011,3,11,14,35,0,2,5824.949
2011,3,11,14,34,0,2,5824.947
2011,3,11,14,33,0,2,5824.959
2011,3,11,14,32,0,2,5824.938
2011,3,11,14,31,0,2,5824.911
2011,3,11,14,30,0,2,5824.917
2011,3,11,14,30,0,1,9999
2011,3,11,14,29,0,2,5824.92
2011,3,11,14,28,0,2,5824.942
2011,3,11,14,27,0,2,5824.975
2011,3,11,14,26,0,2,5824.979
2011,3,11,14,25,0,2,5824.968
2011,3,11,14,24,0,2,5824.965
2011,3,11,14,23,0,2,5824.969
2011,3,11,14,22,0,2,5824.978
2011,3,11,14,21,0,2,5824.99
2011,3,11,14,20,0,2,5824.996
2011,3,11,14,19,0,2,5824.995
2011,3,11,14,18,0,2,5824.971
2011,3,11,14,17,0,2,5824.955
2011,3,11,14,16,0,2,5824.961
2011,3,11,14,15,0,2,5824.983
2011,3,11,14,15,0,1,9999
2011,3,11,14,14,0,2,5825
2011,3,11,14,13,0,2,5824.976
2011,3,11,14,12,0,2,5824.981
2011,3,11,14,11,0,2,5825.014
2011,3,11,14,10,0,2,5824.994
2011,3,11,14,9,0,2,5824.991
2011,3,11,14,8,0,2,5825.034
2011,3,11,14,7,0,2,5825.036
2011,3,11,14,6,0,2,5825.03
2011,3,11,14,5,0,2,5825.04
2011,3,11,14,4,0,2,5825.052
2011,3,11,14,3,0,2,5825.064
2011,3,11,14,2,0,2,5825.057
2011,3,11,14,1,0,2,5825.037
2011,3,11,14,0,0,2,5825.004
2011,3,11,14,0,0,1,9999
2011,3,11,13,59,0,2,5824.967
2011,3,11,13,58,0,2,5824.977
2011,3,11,13,57,0,2,5824.977
2011,3,11,13,56,0,2,5824.948
2011,3,11,13,55,0,2,5824.923
2011,3,11,13,54,0,2,5824.884
2011,3,11,13,53,0,2,5824.879
2011,3,11,13,52,0,2,5824.899
2011,3,11,13,51,0,2,5824.872
2011,3,11,13,50,0,2,5824.849
2011,3,11,13,49,0,2,5824.864
2011,3,11,13,48,0,2,5824.872
2011,3,11,13,47,0,2,5824.88
2011,3,11,13,46,0,2,5824.923
2011,3,11,13,45,0,2,5824.932
2011,3,11,13,45,0,1,9999
2011,3,11,13,44,0,2,5824.919
2011,3,11,13,43,0,2,5824.969
2011,3,11,13,42,0,2,5825.002
2011,3,11,13,41,0,2,5824.969
2011,3,11,13,40,0,2,5824.972
2011,3,11,13,39,0,2,5824.987
2011,3,11,13,38,0,2,5824.963
2011,3,11,13,37,0,2,5824.961
2011,3,11,13,36,0,2,5824.975
2011,3,11,13,35,0,2,5824.969
2011,3,11,13,34,0,2,5824.953
2011,3,11,13,33,0,2,5824.926
2011,3,11,13,32,0,2,5824.903
2011,3,11,13,31,0,2,5824.915
2011,3,11,13,30,0,2,5824.942
2011,3,11,13,30,0,1,9999
2011,3,11,13,29,0,2,5824.963
2011,3,11,13,28,0,2,5824.978
2011,3,11,13,27,0,2,5824.984
2011,3,11,13,26,0,2,5824.985
2011,3,11,13,25,0,2,5824.989
2011,3,11,13,24,0,2,5824.985
2011,3,11,13,23,0,2,5824.985
2011,3,11,13,22,0,2,5824.98
2011,3,11,13,21,0,2,5824.965
2011,3,11,13,20,0,2,5824.963
2011,3,11,13,19,0,2,5824.988
2011,3,11,13,18,0,2,5824.985
2011,3,11,13,17,0,2,5824.97
2011,3,11,13,16,0,2,5824.989
2011,3,11,13,15,0,2,5825.012
2011,3,11,13,15,0,1,9999
2011,3,11,13,14,0,2,5825.037
2011,3,11,13,13,0,2,5825.017
2011,3,11,13,12,0,2,5824.978
2011,3,11,13,11,0,2,5825.002
2011,3,11,13,10,0,2,5825.035
2011,3,11,13,9,0,2,5825.02
2011,3,11,13,8,0,2,5825.031
2011,3,11,13,7,0,2,5825.044
2011,3,11,13,6,0,2,5825.007
2011,3,11,13,5,0,2,5825
2011,3,11,13,4,0,2,5825.033
2011,3,11,13,3,0,2,5825.028
2011,3,11,13,2,0,2,5824.972
2011,3,11,13,1,0,2,5824.931
2011,3,11,13,0,0,2,5824.924
2011,3,11,13,0,0,1,9999
2011,3,11,12,59,0,2,5824.934
2011,3,11,12,58,0,2,5824.949
2011,3,11,12,57,0,2,5824.937
2011,3,11,12,56,0,2,5824.924
2011,3,11,12,55,0,2,5824.917
2011,3,11,12,54,0,2,5824.907
2011,3,11,12,53,0,2,5824.894
2011,3,11,12,52,0,2,5824.9
2011,3,11,12,51,0,2,5824.934
2011,3,11,12,50,0,2,5824.956
2011,3,11,12,49,0,2,5824.969
2011,3,11,12,48,0,2,5824.999
2011,3,11,12,47,0,2,5825
2011,3,11,12,46,0,2,5824.972
2011,3,11,12,45,0,2,5824.97
2011,3,11,12,45,0,1,9999
2011,3,11,12,44,0,2,5825.01
2011,3,11,12,43,0,2,5825.024
2011,3,11,12,42,0,2,5824.984
2011,3,11,12,41,0,2,5824.936
2011,3,11,12,40,0,2,5824.93
2011,3,11,12,39,0,2,5824.982
2011,3,11,12,38,0,2,5825.015
2011,3,11,12,37,0,2,5824.981
2011,3,11,12,36,0,2,5824.956
2011,3,11,12,35,0,2,5824.961
2011,3,11,12,34,0,2,5824.982
2011,3,11,12,33,0,2,5824.982
2011,3,11,12,32,0,2,5824.968
2011,3,11,12,31,0,2,5824.982
2011,3,11,12,30,0,2,5824.982
2011,3,11,12,30,0,1,9999
2011,3,11,12,29,0,2,5824.977
2011,3,11,12,28,0,2,5824.999
2011,3,11,12,27,0,2,5825.017
2011,3,11,12,26,0,2,5825.017
2011,3,11,12,25,0,2,5825.021
2011,3,11,12,24,0,2,5825.031
2011,3,11,12,23,0,2,5825.069
2011,3,11,12,22,0,2,5825.095
2011,3,11,12,21,0,2,5825.064
2011,3,11,12,20,0,2,5825.02
2011,3,11,12,19,0,2,5824.985
2011,3,11,12,18,0,2,5824.968
2011,3,11,12,17,0,2,5824.977
2011,3,11,12,16,0,2,5824.978
2011,3,11,12,15,0,2,5824.979
2011,3,11,12,15,0,1,9999
2011,3,11,12,14,0,2,5824.981
2011,3,11,12,13,0,2,5825.002
2011,3,11,12,12,0,2,5825.01
2011,3,11,12,11,0,2,5824.975
2011,3,11,12,10,0,2,5824.967
2011,3,11,12,9,0,2,5824.981
2011,3,11,12,8,0,2,5824.991
2011,3,11,12,7,0,2,5825.01
2011,3,11,12,6,0,2,5825.021
2011,3,11,12,5,0,2,5824.981
2011,3,11,12,4,0,2,5824.931
2011,3,11,12,3,0,2,5824.91
2011,3,11,12,2,0,2,5824.936
2011,3,11,12,1,0,2,5824.958
2011,3,11,12,0,0,2,5824.974
2011,3,11,12,0,0,1,9999
2011,3,11,11,59,0,2,5824.996
2011,3,11,11,58,0,2,5825.002
2011,3,11,11,57,0,2,5825.009
2011,3,11,11,56,0,2,5825.003
2011,3,11,11,55,0,2,5824.982
2011,3,11,11,54,0,2,5824.989
2011,3,11,11,53,0,2,5825.026
2011,3,11,11,52,0,2,5825.039
2011,3,11,11,51,0,2,5825.026
2011,3,11,11,50,0,2,5825.005
2011,3,11,11,49,0,2,5825.01
2011,3,11,11,48,0,2,5825.028
2011,3,11,11,47,0,2,5825.019
2011,3,11,11,46,0,2,5824.993
2011,3,11,11,45,0,2,5824.988
2011,3,11,11,45,0,1,9999
2011,3,11,11,44,0,2,5824.994
2011,3,11,11,43,0,2,5825.012
2011,3,11,11,42,0,2,5825.021
2011,3,11,11,41,0,2,5825.028
2011,3,11,11,40,0,2,5825.047
2011,3,11,11,39,0,2,5825.049
2011,3,11,11,38,0,2,5825.053
2011,3,11,11,37,0,2,5825.073
2011,3,11,11,36,0,2,5825.072
2011,3,11,11,35,0,2,5825.04
2011,3,11,11,34,0,2,5825.001
2011,3,11,11,33,0,2,5824.999
2011,3,11,11,32,0,2,5825.022
2011,3,11,11,31,0,2,5825.032
2011,3,11,11,30,0,2,5825.046
2011,3,11,11,30,0,1,9999
2011,3,11,11,29,0,2,5825.047
2011,3,11,11,28,0,2,5825.016
2011,3,11,11,27,0,2,5824.989
2011,3,11,11,26,0,2,5824.984
2011,3,11,11,25,0,2,5824.972
2011,3,11,11,24,0,2,5824.967
2011,3,11,11,23,0,2,5824.974
2011,3,11,11,22,0,2,5824.989
2011,3,11,11,21,0,2,5825.005
2011,3,11,11,20,0,2,5825.007
2011,3,11,11,19,0,2,5824.998
2011,3,11,11,18,0,2,5824.989
2011,3,11,11,17,0,2,5824.97
2011,3,11,11,16,0,2,5824.949
2011,3,11,11,15,0,2,5824.965
2011,3,11,11,15,0,1,9999
2011,3,11,11,14,0,2,5824.973
2011,3,11,11,13,0,2,5824.954
2011,3,11,11,12,0,2,5824.955
2011,3,11,11,11,0,2,5824.98
2011,3,11,11,10,0,2,5824.993
2011,3,11,11,9,0,2,5824.995
2011,3,11,11,8,0,2,5824.986
2011,3,11,11,7,0,2,5824.983
2011,3,11,11,6,0,2,5824.987
2011,3,11,11,5,0,2,5824.987
2011,3,11,11,4,0,2,5825.004
2011,3,11,11,3,0,2,5825.021
2011,3,11,11,2,0,2,5825.038
2011,3,11,11,1,0,2,5825.068
2011,3,11,11,0,0,2,5825.064
2011,3,11,11,0,0,1,9999
2011,3,11,10,59,0,2,5825.053
2011,3,11,10,58,0,2,5825.065
2011,3,11,10,57,0,2,5825.076
2011,3,11,10,56,0,2,5825.082
2011,3,11,10,55,0,2,5825.108
2011,3,11,10,54,0,2,5825.106
2011,3,11,10,53,0,2,5825.102
2011,3,11,10,52,0,2,5825.09
2011,3,11,10,51,0,2,5825.077
2011,3,11,10,50,0,2,5825.066
2011,3,11,10,49,0,2,5825.059
2011,3,11,10,48,0,2,5825.034
2011,3,11,10,47,0,2,5825.021
2011,3,11,10,46,0,2,5825.019
2011,3,11,10,45,0,2,5824.999
2011,3,11,10,45,0,1,9999
2011,3,11,10,44,0,2,5824.981
2011,3,11,10,43,0,2,5824.962
2011,3,11,10,42,0,2,5824.935
2011,3,11,10,41,0,2,5824.929
2011,3,11,10,40,0,2,5824.945
2011,3,11,10,39,0,2,5824.946
2011,3,11,10,38,0,2,5824.952
2011,3,11,10,37,0,2,5824.959
2011,3,11,10,36,0,2,5824.965
2011,3,11,10,35,0,2,5824.964
2011,3,11,10,34,0,2,5824.959
2011,3,11,10,33,0,2,5824.973
2011,3,11,10,32,0,2,5824.971
2011,3,11,10,31,0,2,5824.971
2011,3,11,10,30,0,2,5824.977
2011,3,11,10,30,0,1,9999
2011,3,11,10,29,0,2,5824.965
2011,3,11,10,28,0,2,5824.956
2011,3,11,10,27,0,2,5824.965
2011,3,11,10,26,0,2,5824.978
2011,3,11,10,25,0,2,5824.992
2011,3,11,10,24,0,2,5825.007
2011,3,11,10,23,0,2,5825.007
2011,3,11,10,22,0,2,5825.016
2011,3,11,10,21,0,2,5825.034
2011,3,11,10,20,0,2,5825.052
2011,3,11,10,19,0,2,5825.053
2011,3,11,10,18,0,2,5825.065
2011,3,11,10,17,0,2,5825.049
2011,3,11,10,16,0,2,5825.035
2011,3,11,10,15,0,2,5825.038
2011,3,11,10,15,0,1,9999
2011,3,11,10,14,0,2,5825.046
2011,3,11,10,13,0,2,5825.055
2011,3,11,10,12,0,2,5825.055
2011,3,11,10,11,0,2,5825.041
2011,3,11,10,10,0,2,5825.03
2011,3,11,10,9,0,2,5825.011
2011,3,11,10,8,0,2,5824.991
2011,3,11,10,7,0,2,5824.979
2011,3,11,10,6,0,2,5824.96
2011,3,11,10,5,0,2,5824.956
2011,3,11,10,4,0,2,5824.954
2011,3,11,10,3,0,2,5824.965
2011,3,11,10,2,0,2,5824.963
2011,3,11,10,1,0,2,5824.94
2011,3,11,10,0,0,2,5824.924
2011,3,11,10,0,0,1,9999
2011,3,11,9,59,0,2,5824.94
2011,3,11,9,58,0,2,5824.963
2011,3,11,9,57,0,2,5824.978
2011,3,11,9,56,0,2,5824.998
2011,3,11,9,55,0,2,5825.008
2011,3,11,9,54,0,2,5824.976
2011,3,11,9,53,0,2,5824.964
2011,3,11,9,52,0,2,5824.962
2011,3,11,9,51,0,2,5824.949
2011,3,11,9,50,0,2,5824.929
2011,3,11,9,49,0,2,5824.918
2011,3,11,9,48,0,2,5824.929
2011,3,11,9,47,0,2,5824.943
2011,3,11,9,46,0,2,5824.936
2011,3,11,9,45,0,2,5824.944
2011,3,11,9,45,0,1,9999
2011,3,11,9,44,0,2,5824.948
2011,3,11,9,43,0,2,5824.943
2011,3,11,9,42,0,2,5824.947
2011,3,11,9,41,0,2,5824.939
2011,3,11,9,40,0,2,5824.93
2011,3,11,9,39,0,2,5824.921
2011,3,11,9,38,0,2,5824.932
2011,3,11,9,37,0,2,5824.939
2011,3,11,9,36,0,2,5824.929
2011,3,11,9,35,0,2,5824.946
2011,3,11,9,34,0,2,5824.96
2011,3,11,9,33,0,2,5824.959
2011,3,11,9,32,0,2,5824.986
2011,3,11,9,31,0,2,5825.011
2011,3,11,9,30,0,2,5825.015
2011,3,11,9,30,0,1,9999
2011,3,11,9,29,0,2,5825.009
2011,3,11,9,28,0,2,5825.015
2011,3,11,9,27,0,2,5825.027
2011,3,11,9,26,0,2,5825.062
2011,3,11,9,25,0,2,5825.095
2011,3,11,9,24,0,2,5825.103
2011,3,11,9,23,0,2,5825.1
2011,3,11,9,22,0,2,5825.098
2011,3,11,9,21,0,2,5825.098
2011,3,11,9,20,0,2,5825.079
2011,3,11,9,19,0,2,5825.074
2011,3,11,9,18,0,2,5825.09
2011,3,11,9,17,0,2,5825.09
2011,3,11,9,16,0,2,5825.075
2011,3,11,9,15,0,2,5825.076
2011,3,11,9,15,0,1,9999
2011,3,11,9,14,0,2,5825.059
2011,3,11,9,13,0,2,5825.049
2011,3,11,9,12,0,2,5825.033
2011,3,11,9,11,0,2,5825.031
2011,3,11,9,10,0,2,5825.038
2011,3,11,9,9,0,2,5825.007
2011,3,11,9,8,0,2,5824.998
2011,3,11,9,7,0,2,5824.978
2011,3,11,9,6,0,2,5824.964
2011,3,11,9,5,0,2,5824.951
2011,3,11,9,4,0,2,5824.929
2011,3,11,9,3,0,2,5824.906
2011,3,11,9,2,0,2,5824.903
2011,3,11,9,1,0,2,5824.88
2011,3,11,9,0,0,2,5824.88
2011,3,11,9,0,0,1,9999
2011,3,11,8,59,0,2,5824.882
2011,3,11,8,58,0,2,5824.88
2011,3,11,8,57,0,2,5824.898
2011,3,11,8,56,0,2,5824.895
2011,3,11,8,55,0,2,5824.898
2011,3,11,8,54,0,2,5824.895
2011,3,11,8,53,0,2,5824.911
2011,3,11,8,52,0,2,5824.903
2011,3,11,8,51,0,2,5824.914
2011,3,11,8,50,0,2,5824.895
2011,3,11,8,49,0,2,5824.918
2011,3,11,8,48,0,2,5824.906
2011,3,11,8,47,0,2,5824.882
2011,3,11,8,46,0,2,5824.878
2011,3,11,8,45,0,2,5824.929
2011,3,11,8,45,0,1,9999
2011,3,11,8,44,0,2,5824.932
2011,3,11,8,43,0,2,5824.914
2011,3,11,8,42,0,2,5824.92
2011,3,11,8,41,0,2,5824.938
2011,3,11,8,40,0,2,5824.91
2011,3,11,8,39,0,2,5824.883
2011,3,11,8,38,0,2,5824.908
2011,3,11,8,37,0,2,5824.922
2011,3,11,8,36,0,2,5824.938
2011,3,11,8,35,0,2,5824.943
2011,3,11,8,34,0,2,5824.905
2011,3,11,8,33,0,2,5824.876
2011,3,11,8,32,0,2,5824.822
2011,3,11,8,31,0,2,5824.825
2011,3,11,8,30,0,2,5824.822
2011,3,11,8,30,0,1,9999
2011,3,11,8,29,0,2,5824.85
2011,3,11,8,28,0,2,5824.814
2011,3,11,8,27,0,2,5824.84
2011,3,11,8,26,0,2,5824.83
2011,3,11,8,25,0,2,5824.857
2011,3,11,8,24,0,2,5824.848
2011,3,11,8,23,0,2,5824.87
2011,3,11,8,22,0,2,5824.881
2011,3,11,8,21,0,2,5824.911
2011,3,11,8,20,0,2,5824.94
2011,3,11,8,19,0,2,5824.976
2011,3,11,8,18,0,2,5824.962
2011,3,11,8,17,0,2,5824.936
2011,3,11,8,16,0,2,5825.002
2011,3,11,8,15,0,2,5824.995
2011,3,11,8,15,0,1,9999
2011,3,11,8,14,0,2,5825.046
2011,3,11,8,13,0,2,5825.018
2011,3,11,8,12,0,2,5825.041
2011,3,11,8,11,0,2,5825.044
2011,3,11,8,10,0,2,5825.049
2011,3,11,8,9,0,2,5825.07
2011,3,11,8,8,0,2,5825.007
2011,3,11,8,7,0,2,5825.048
2011,3,11,8,6,0,2,5824.994
2011,3,11,8,5,0,2,5825.008
2011,3,11,8,4,0,2,5824.986
2011,3,11,8,3,0,2,5824.929
2011,3,11,8,2,0,2,5824.989
2011,3,11,8,1,0,2,5824.934
2011,3,11,8,0,0,2,5824.935
2011,3,11,8,0,0,1,9999
2011,3,11,7,59,0,2,5824.947
2011,3,11,7,58,0,2,5824.87
2011,3,11,7,57,0,2,5824.895
2011,3,11,7,56,0,2,5824.852
2011,3,11,7,55,0,2,5824.862
2011,3,11,7,54,0,2,5824.917
2011,3,11,7,53,0,2,5824.847
2011,3,11,7,52,0,2,5824.892
2011,3,11,7,51,0,2,5824.9
2011,3,11,7,50,0,2,5824.863
2011,3,11,7,49,0,2,5824.949
2011,3,11,7,48,0,2,5824.98
2011,3,11,7,47,0,2,5824.927
2011,3,11,7,46,0,2,5824.911
2011,3,11,7,45,0,2,5824.891
2011,3,11,7,45,0,1,9999
2011,3,11,7,44,0,2,5824.861
2011,3,11,7,43,0,2,5824.889
2011,3,11,7,42,0,2,5824.892
2011,3,11,7,41,0,2,5824.915
2011,3,11,7,40,0,2,5824.973
2011,3,11,7,39,0,2,5824.963
2011,3,11,7,38,0,2,5824.854
2011,3,11,7,37,0,2,5824.934
2011,3,11,7,36,0,2,5824.968
2011,3,11,7,35,0,2,5824.811
2011,3,11,7,34,0,2,5824.786
2011,3,11,7,33,0,2,5824.912
2011,3,11,7,32,0,2,5824.843
2011,3,11,7,31,0,2,5824.758
2011,3,11,7,30,0,2,5824.85
2011,3,11,7,30,0,1,9999
2011,3,11,7,29,0,2,5824.879
2011,3,11,7,28,0,2,5824.726
2011,3,11,7,27,0,2,5824.709
2011,3,11,7,26,0,2,5824.799
2011,3,11,7,25,0,2,5824.784
2011,3,11,7,24,0,2,5824.642
2011,3,11,7,23,0,2,5824.589
2011,3,11,7,22,0,2,5824.655
2011,3,11,7,21,0,2,5824.616
2011,3,11,7,20,0,2,5824.522
2011,3,11,7,19,0,2,5824.535
2011,3,11,7,18,0,2,5824.635
2011,3,11,7,17,0,2,5824.678
2011,3,11,7,16,0,2,5824.633
2011,3,11,7,15,0,2,5824.681
2011,3,11,7,15,0,1,9999
2011,3,11,7,14,0,2,5824.871
2011,3,11,7,13,0,2,5824.98
2011,3,11,7,12,0,2,5825.081
2011,3,11,7,11,0,2,5825.138
2011,3,11,7,10,0,2,5825.255
2011,3,11,7,9,0,2,5825.439
2011,3,11,7,8,0,2,5825.581
2011,3,11,7,7,0,2,5825.64
2011,3,11,7,6,0,2,5825.608
2011,3,11,7,5,0,2,5825.404
2011,3,11,7,4,0,2,5825.243
2011,3,11,7,3,0,2,5825.12
2011,3,11,7,2,0,2,5824.952
2011,3,11,7,1,0,2,5824.902
2011,3,11,7,0,0,2,5824.904
2011,3,11,7,0,0,1,9999
2011,3,11,6,59,0,2,5824.853
2011,3,11,6,58,0,2,5824.872
2011,3,11,6,57,0,2,5824.851
2011,3,11,6,56,0,2,5824.832
2011,3,11,6,55,0,2,5824.86
2011,3,11,6,54,0,2,5824.843
2011,3,11,6,53,0,2,5824.859
2011,3,11,6,52,0,2,5824.838
2011,3,11,6,51,0,2,5824.866
2011,3,11,6,50,0,2,5824.817
2011,3,11,6,49,0,2,5824.859
2011,3,11,6,48,0,2,5824.813
2011,3,11,6,47,0,2,5824.846
2011,3,11,6,46,0,2,5824.854
2011,3,11,6,45,0,2,5824.837
2011,3,11,6,45,0,1,9999
2011,3,11,6,44,0,2,5824.842
2011,3,11,6,43,0,2,5824.817
2011,3,11,6,42,0,2,5824.881
2011,3,11,6,41,0,2,5824.827
2011,3,11,6,40,0,2,5824.819
2011,3,11,6,39,0,2,5824.849
2011,3,11,6,38,0,2,5824.8
2011,3,11,6,37,0,2,5824.842
2011,3,11,6,36,0,2,5824.797
2011,3,11,6,35,0,2,5824.847
2011,3,11,6,34,0,2,5824.807
2011,3,11,6,33,0,2,5824.834
2011,3,11,6,32,0,2,5824.845
2011,3,11,6,31,0,2,5824.804
2011,3,11,6,30,0,2,5824.829
2011,3,11,6,30,0,1,9999
2011,3,11,6,29,0,2,5824.816
2011,3,11,6,28,0,2,5824.83
2011,3,11,6,27,0,2,5824.827
2011,3,11,6,26,0,2,5824.803
2011,3,11,6,25,0,2,5824.795
2011,3,11,6,24,0,2,5824.802
2011,3,11,6,23,0,2,5824.803
2011,3,11,6,22,0,2,5824.863
2011,3,11,6,21,0,2,5824.714
2011,3,11,6,20,0,2,5824.913
2011,3,11,6,19,0,2,5824.753
2011,3,11,6,18,0,2,5824.84
2011,3,11,6,17,0,2,5824.756
2011,3,11,6,16,0,2,5824.812
2011,3,11,6,15,0,2,5824.851
2011,3,11,6,15,0,1,9999
2011,3,11,6,14,0,2,5824.792
2011,3,11,6,13,0,2,5824.71
2011,3,11,6,12,0,2,5824.913
2011,3,11,6,11,0,2,5824.833
2011,3,11,6,10,0,2,5824.732
2011,3,11,6,9,0,2,5824.858
2011,3,11,6,8,0,2,5824.805
2011,3,11,6,7,0,2,5824.726
2011,3,11,6,6,0,2,5824.766
2011,3,11,6,5,0,2,5824.826
2011,3,11,6,4,0,2,5824.762
2011,3,11,6,3,0,2,5824.823
2011,3,11,6,2,0,2,5824.832
2011,3,11,6,1,0,2,5824.712
2011,3,11,6,0,0,2,5824.766
2011,3,11,6,0,0,1,9999
2011,3,11,5,59,0,2,5824.86
2011,3,11,5,58,0,2,5824.749
2011,3,11,5,57,0,2,5824.779
2011,3,11,5,56,0,2,5824.822
2011,3,11,5,55,0,2,5824.671
2011,3,11,5,54,0,2,5824.796
2011,3,11,5,53,45,3,5824.526
2011,3,11,5,53,30,3,5825.856
2011,3,11,5,53,15,3,5824.266
2011,3,11,5,53,0,3,5824.67
2011,3,11,5,53,0,2,5824.83
2011,3,11,5,52,45,3,5825.08
2011,3,11,5,52,30,3,5824.792
2011,3,11,5,52,15,3,5824.794
2011,3,11,5,52,0,3,5824.797
2011,3,11,5,52,0,2,5824.807
2011,3,11,5,51,45,3,5824.812
2011,3,11,5,51,30,3,5824.799
2011,3,11,5,51,15,3,5824.783
2011,3,11,5,51,0,3,5824.713
2011,3,11,5,51,0,2,5824.777
2011,3,11,5,50,45,3,5824.744
2011,3,11,5,50,30,3,5824.747
2011,3,11,5,50,15,3,5824.78
2011,3,11,5,50,0,3,5824.775
2011,3,11,5,50,0,2,5824.761
2011,3,11,5,49,0,2,5824.778
2011,3,11,5,48,0,2,5824.774
2011,3,11,5,47,0,2,5824.773
2011,3,11,5,46,0,2,5824.772
2011,3,11,5,45,0,2,5824.771
2011,3,11,5,45,0,1,9999
2011,3,11,5,44,0,2,5824.77
2011,3,11,5,43,0,2,5824.768
2011,3,11,5,42,0,2,5824.767
2011,3,11,5,41,0,2,5824.766
2011,3,11,5,40,0,2,5824.765
2011,3,11,5,39,0,2,5824.763
2011,3,11,5,38,0,2,5824.763
2011,3,11,5,37,0,2,5824.762
2011,3,11,5,36,0,2,5824.761
2011,3,11,5,35,0,2,5824.76
2011,3,11,5,34,0,2,5824.759
2011,3,11,5,33,0,2,5824.757
2011,3,11,5,32,0,2,5824.757
2011,3,11,5,31,0,2,5824.755
2011,3,11,5,30,0,2,5824.754
2011,3,11,5,30,0,1,9999
2011,3,11,5,29,0,2,5824.753
2011,3,11,5,28,0,2,5824.752
2011,3,11,5,27,0,2,5824.751
2011,3,11,5,26,0,2,5824.75
2011,3,11,5,25,0,2,5824.749
2011,3,11,5,24,0,2,5824.748
2011,3,11,5,23,0,2,5824.747
2011,3,11,5,22,0,2,5824.747
2011,3,11,5,21,0,2,5824.746
2011,3,11,5,20,0,2,5824.745
2011,3,11,5,19,0,2,5824.743
2011,3,11,5,18,0,2,5824.743
2011,3,11,5,17,0,2,5824.742
2011,3,11,5,16,0,2,5824.741
2011,3,11,5,15,0,2,5824.741
2011,3,11,5,15,0,1,9999
2011,3,11,5,14,0,2,5824.74
2011,3,11,5,13,0,2,5824.738
2011,3,11,5,12,0,2,5824.738
2011,3,11,5,11,0,2,5824.737
2011,3,11,5,10,0,2,5824.736
2011,3,11,5,9,0,2,5824.735
2011,3,11,5,8,0,2,5824.734
2011,3,11,5,7,0,2,5824.733
2011,3,11,5,6,0,2,5824.732
2011,3,11,5,5,0,2,5824.731
2011,3,11,5,4,0,2,5824.731
2011,3,11,5,3,0,2,5824.731
2011,3,11,5,2,0,2,5824.729
2011,3,11,5,1,0,2,5824.729
2011,3,11,5,0,0,2,5824.727
2011,3,11,5,0,0,1,5824.727
2011,3,11,4,59,0,2,5824.727
2011,3,11,4,58,0,2,5824.727
2011,3,11,4,57,0,2,5824.726
2011,3,11,4,56,0,2,5824.726
2011,3,11,4,55,0,2,5824.724
2011,3,11,4,54,0,2,5824.724
2011,3,11,4,53,0,2,5824.723
2011,3,11,4,52,0,2,5824.723
2011,3,11,4,51,0,2,5824.722
2011,3,11,4,50,0,2,5824.722
2011,3,11,4,49,0,2,5824.721
2011,3,11,4,48,0,2,5824.72
2011,3,11,4,47,0,2,5824.72
2011,3,11,4,46,0,2,5824.72
2011,3,11,4,45,0,2,5824.719
2011,3,11,4,45,0,1,5824.718
2011,3,11,4,44,0,2,5824.719
2011,3,11,4,43,0,2,5824.718
2011,3,11,4,42,0,2,5824.718
2011,3,11,4,41,0,2,5824.718
2011,3,11,4,40,0,2,5824.717
2011,3,11,4,39,0,2,5824.716
2011,3,11,4,38,0,2,5824.716
2011,3,11,4,37,0,2,5824.715
2011,3,11,4,36,0,2,5824.716
2011,3,11,4,35,0,2,5824.715
2011,3,11,4,34,0,2,5824.713
2011,3,11,4,33,0,2,5824.714
2011,3,11,4,32,0,2,5824.713
2011,3,11,4,31,0,2,5824.713
2011,3,11,4,30,0,2,5824.712
2011,3,11,4,30,0,1,5824.712
2011,3,11,4,29,0,2,5824.713
2011,3,11,4,28,0,2,5824.711
2011,3,11,4,27,0,2,5824.712
2011,3,11,4,26,0,2,5824.711
2011,3,11,4,25,0,2,5824.711
2011,3,11,4,24,0,2,5824.71
2011,3,11,4,23,0,2,5824.71
2011,3,11,4,22,0,2,5824.711
2011,3,11,4,21,0,2,5824.71
2011,3,11,4,20,0,2,5824.709
2011,3,11,4,19,0,2,5824.709
2011,3,11,4,18,0,2,5824.709
2011,3,11,4,17,0,2,5824.71
2011,3,11,4,16,0,2,5824.709
2011,3,11,4,15,0,2,5824.709
2011,3,11,4,15,0,1,5824.709
2011,3,11,4,14,0,2,5824.708
2011,3,11,4,13,0,2,5824.708
2011,3,11,4,12,0,2,5824.709
2011,3,11,4,11,0,2,5824.709
2011,3,11,4,10,0,2,5824.709
2011,3,11,4,9,0,2,5824.709
2011,3,11,4,8,0,2,5824.709
2011,3,11,4,7,0,2,5824.709
2011,3,11,4,6,0,2,5824.709
2011,3,11,4,5,0,2,5824.708
2011,3,11,4,4,0,2,5824.709
2011,3,11,4,3,0,2,5824.708
2011,3,11,4,2,0,2,5824.708
2011,3,11,4,1,0,2,5824.708
2011,3,11,4,0,0,2,5824.707
2011,3,11,4,0,0,1,5824.707
2011,3,11,3,45,0,1,5824.708
2011,3,11,3,30,0,1,5824.712
2011,3,11,3,15,0,1,5824.721
2011,3,11,3,0,0,1,5824.73
2011,3,11,2,45,0,1,5824.742
2011,3,11,2,30,0,1,5824.759
2011,3,11,2,15,0,1,5824.777
2011,3,11,2,0,0,1,5824.796
2011,3,11,1,45,0,1,5824.821
2011,3,11,1,30,0,1,5824.846
2011,3,11,1,15,0,1,5824.87
2011,3,11,1,0,0,1,5824.895
2011,3,11,0,45,0,1,5824.923
2011,3,11,0,30,0,1,5824.948
2011,3,11,0,15,0,1,5824.977
2011,3,11,0,0,0,1,5825.003
2011,3,10,23,45,0,1,5825.03
2011,3,10,23,30,0,1,5825.055
2011,3,10,23,15,0,1,5825.08
2011,3,10,23,0,0,1,5825.103
2011,3,10,22,45,0,1,5825.124
2011,3,10,22,30,0,1,5825.143
2011,3,10,22,15,0,1,5825.157
2011,3,10,22,0,0,1,5825.174
2011,3,10,21,45,0,1,5825.186
2011,3,10,21,30,0,1,5825.195
2011,3,10,21,15,0,1,5825.204
2011,3,10,21,0,0,1,5825.211
2011,3,10,20,45,0,1,5825.211
2011,3,10,20,30,0,1,5825.21
2011,3,10,20,15,0,1,5825.206
2011,3,10,20,0,0,1,5825.201
2011,3,10,19,45,0,1,5825.193
2011,3,10,19,30,0,1,5825.183
2011,3,10,19,15,0,1,5825.17
2011,3,10,19,0,0,1,5825.156
2011,3,10,18,45,0,1,5825.14
2011,3,10,18,30,0,1,5825.126
2011,3,10,18,15,0,1,5825.11
2011,3,10,18,0,0,1,5825.092
2011,3,10,17,45,0,1,5825.076
2011,3,10,17,30,0,1,5825.058
2011,3,10,17,15,0,1,5825.041
2011,3,10,17,0,0,1,5825.025
2011,3,10,16,45,0,1,5825.01
2011,3,10,16,30,0,1,5824.995
2011,3,10,16,15,0,1,5824.979
2011,3,10,16,0,0,1,5824.967
2011,3,10,15,45,0,1,5824.955
2011,3,10,15,30,0,1,5824.946
2011,3,10,15,15,0,1,5824.938
2011,3,10,15,0,0,1,5824.931
2011,3,10,14,45,0,1,5824.926
2011,3,10,14,30,0,1,5824.926
2011,3,10,14,15,0,1,5824.925
2011,3,10,14,0,0,1,5824.923
2011,3,10,13,45,0,1,5824.924
2011,3,10,13,30,0,1,5824.928
2011,3,10,13,15,0,1,5824.935
2011,3,10,13,0,0,1,5824.943
2011,3,10,12,45,0,1,5824.95
2011,3,10,12,30,0,1,5824.961
2011,3,10,12,15,0,1,5824.97
2011,3,10,12,0,0,1,5824.979
2011,3,10,11,45,0,1,5824.986
2011,3,10,11,30,0,1,5824.997
2011,3,10,11,15,0,1,5825.006
2011,3,10,11,0,0,1,5825.013
2011,3,10,10,45,0,1,5825.022
2011,3,10,10,30,0,1,5825.028
2011,3,10,10,15,0,1,5825.031
2011,3,10,10,0,0,1,5825.034
2011,3,10,9,45,0,1,5825.034
2011,3,10,9,30,0,1,5825.031
2011,3,10,9,15,0,1,5825.026
2011,3,10,9,0,0,1,5825.021
2011,3,10,8,45,0,1,5825.01
2011,3,10,8,30,0,1,5824.998
2011,3,10,8,15,0,1,5824.987
2011,3,10,8,0,0,1,5824.973
2011,3,10,7,45,0,1,5824.959
2011,3,10,7,30,0,1,5824.943
2011,3,10,7,15,0,1,5824.923
2011,3,10,7,0,0,1,5824.902
2011,3,10,6,45,0,1,5824.882
2011,3,10,6,30,0,1,5824.862
2011,3,10,6,15,0,1,5824.842
2011,3,10,6,0,0,1,5824.821
2011,3,10,5,45,0,1,5824.799
2011,3,10,5,30,0,1,5824.779
2011,3,10,5,15,0,1,5824.76
2011,3,10,5,0,0,1,5824.743
2011,3,10,4,45,0,1,5824.725
2011,3,10,4,30,0,1,5824.711
2011,3,10,4,15,0,1,5824.698
2011,3,10,4,0,0,1,5824.689
2011,3,10,3,45,0,1,5824.684
2011,3,10,3,30,0,1,5824.679
2011,3,10,3,15,0,1,5824.679
2011,3,10,3,0,0,1,5824.684
2011,3,10,2,45,0,1,5824.691
2011,3,10,2,30,0,1,5824.701
2011,3,10,2,15,0,1,5824.715
2011,3,10,2,0,0,1,5824.727
2011,3,10,1,45,0,1,5824.748
2011,3,10,1,30,0,1,5824.771
2011,3,10,1,15,0,1,5824.793
2011,3,10,1,0,0,1,5824.819
2011,3,10,0,45,0,1,5824.847
2011,3,10,0,30,0,1,5824.873
2011,3,10,0,15,0,1,5824.898
2011,3,10,0,0,0,1,5824.924
2011,3,9,23,45,0,1,5824.954
2011,3,9,23,30,0,1,5824.984
2011,3,9,23,15,0,1,5825.01
2011,3,9,23,0,0,1,5825.036
2011,3,9,22,45,0,1,5825.061
2011,3,9,22,30,0,1,5825.085
2011,3,9,22,15,0,1,5825.103
2011,3,9,22,0,0,1,5825.127
2011,3,9,21,45,0,1,5825.145
2011,3,9,21,30,0,1,5825.154
2011,3,9,21,15,0,1,5825.166
2011,3,9,21,0,0,1,5825.174
2011,3,9,20,45,0,1,5825.181
2011,3,9,20,30,0,1,5825.184
2011,3,9,20,15,0,1,5825.184
2011,3,9,20,0,0,1,5825.18
2011,3,9,19,45,0,1,5825.174
2011,3,9,19,30,0,1,5825.165
2011,3,9,19,15,0,1,5825.155
2011,3,9,19,0,0,1,5825.139
2011,3,9,18,45,0,1,5825.123
2011,3,9,18,30,0,1,5825.105
2011,3,9,18,15,0,1,5825.089
2011,3,9,18,0,0,1,5825.071
2011,3,9,17,45,0,1,5825.055
2011,3,9,17,30,0,1,5825.036
2011,3,9,17,15,0,1,5825.017
2011,3,9,17,0,0,1,5824.999
2011,3,9,16,45,0,1,5824.982
2011,3,9,16,30,0,1,5824.965
2011,3,9,16,15,0,1,5824.949
2011,3,9,16,0,0,1,5824.931
2011,3,9,15,45,0,1,5824.918
2011,3,9,15,30,0,1,5824.905
2011,3,9,15,15,0,1,5824.898
2011,3,9,15,0,0,1,5824.891
2011,3,9,14,45,0,1,5824.884
2011,3,9,14,30,0,1,5824.881
2011,3,9,14,15,0,1,5824.877
2011,3,9,14,0,0,1,5824.876
2011,3,9,13,45,0,1,5824.88
2011,3,9,13,30,0,1,5824.886
2011,3,9,13,15,0,1,5824.892
2011,3,9,13,0,0,1,5824.899
2011,3,9,12,45,0,1,5824.909
2011,3,9,12,30,0,1,5824.922
2011,3,9,12,15,0,1,5824.931
2011,3,9,12,0,0,1,5824.946
2011,3,9,11,45,0,1,5824.958
2011,3,9,11,30,0,1,5824.97
2011,3,9,11,15,0,1,5824.983
2011,3,9,11,0,0,1,5824.998
2011,3,9,10,45,0,1,5825.013
2011,3,9,10,30,0,1,5825.028
2011,3,9,10,15,0,1,5825.043
2011,3,9,10,0,0,1,5825.054
2011,3,9,9,45,0,1,5825.065
2011,3,9,9,30,0,1,5825.065
2011,3,9,9,15,0,1,5825.064
2011,3,9,9,0,0,1,5825.066
2011,3,9,8,45,0,1,5825.064
2011,3,9,8,30,0,1,5825.063
2011,3,9,8,15,0,1,5825.058
2011,3,9,8,0,0,1,5825.049
2011,3,9,7,45,0,1,5825.037
2011,3,9,7,30,0,1,5825.022
2011,3,9,7,15,0,1,5825.005
2011,3,9,7,0,0,1,9999
2011,3,9,6,59,0,2,5824.984
2011,3,9,6,58,0,2,5824.981
2011,3,9,6,57,0,2,5824.979
2011,3,9,6,56,0,2,5824.978
2011,3,9,6,55,0,2,5824.978
2011,3,9,6,54,0,2,5824.976
2011,3,9,6,53,0,2,5824.974
2011,3,9,6,52,0,2,5824.973
2011,3,9,6,51,0,2,5824.973
2011,3,9,6,50,0,2,5824.972
2011,3,9,6,49,0,2,5824.971
2011,3,9,6,48,0,2,5824.969
2011,3,9,6,47,0,2,5824.968
2011,3,9,6,46,0,2,5824.966
2011,3,9,6,45,0,2,5824.966
2011,3,9,6,45,0,1,9999
2011,3,9,6,44,0,2,5824.964
2011,3,9,6,43,0,2,5824.962
2011,3,9,6,42,0,2,5824.96
2011,3,9,6,41,0,2,5824.957
2011,3,9,6,40,0,2,5824.955
2011,3,9,6,39,0,2,5824.953
2011,3,9,6,38,0,2,5824.952
2011,3,9,6,37,0,2,5824.952
2011,3,9,6,36,0,2,5824.951
2011,3,9,6,35,0,2,5824.95
2011,3,9,6,34,0,2,5824.95
2011,3,9,6,33,0,2,5824.949
2011,3,9,6,32,0,2,5824.946
2011,3,9,6,31,0,2,5824.945
2011,3,9,6,30,0,2,5824.943
2011,3,9,6,30,0,1,9999
2011,3,9,6,29,0,2,5824.941
2011,3,9,6,28,0,2,5824.939
2011,3,9,6,27,0,2,5824.938
2011,3,9,6,26,0,2,5824.937
2011,3,9,6,25,0,2,5824.935
2011,3,9,6,24,0,2,5824.934
2011,3,9,6,23,0,2,5824.933
2011,3,9,6,22,0,2,5824.93
2011,3,9,6,21,0,2,5824.928
2011,3,9,6,20,0,2,5824.927
2011,3,9,6,19,0,2,5824.926
2011,3,9,6,18,0,2,5824.924
2011,3,9,6,17,0,2,5824.922
2011,3,9,6,16,0,2,5824.921
2011,3,9,6,15,0,2,5824.918
2011,3,9,6,15,0,1,9999
2011,3,9,6,14,0,2,5824.917
2011,3,9,6,13,0,2,5824.915
2011,3,9,6,12,0,2,5824.915
2011,3,9,6,11,0,2,5824.915
2011,3,9,6,10,0,2,5824.914
2011,3,9,6,9,0,2,5824.912
2011,3,9,6,8,0,2,5824.909
2011,3,9,6,7,0,2,5824.907
2011,3,9,6,6,0,2,5824.904
2011,3,9,6,5,0,2,5824.902
2011,3,9,6,4,0,2,5824.901
2011,3,9,6,3,0,2,5824.9
2011,3,9,6,2,0,2,5824.9
2011,3,9,6,1,0,2,5824.898
2011,3,9,6,0,0,2,5824.896
2011,3,9,6,0,0,1,9999
2011,3,9,5,59,0,2,5824.894
2011,3,9,5,58,0,2,5824.891
2011,3,9,5,57,0,2,5824.89
2011,3,9,5,56,0,2,5824.889
2011,3,9,5,55,0,2,5824.888
2011,3,9,5,54,0,2,5824.886
2011,3,9,5,53,0,2,5824.885
2011,3,9,5,52,0,2,5824.885
2011,3,9,5,51,0,2,5824.882
2011,3,9,5,50,0,2,5824.88
2011,3,9,5,49,0,2,5824.878
2011,3,9,5,48,0,2,5824.876
2011,3,9,5,47,0,2,5824.875
2011,3,9,5,46,0,2,5824.873
2011,3,9,5,45,0,2,5824.871
2011,3,9,5,45,0,1,9999
2011,3,9,5,44,0,2,5824.869
2011,3,9,5,43,0,2,5824.868
2011,3,9,5,42,0,2,5824.867
2011,3,9,5,41,0,2,5824.865
2011,3,9,5,40,0,2,5824.863
2011,3,9,5,39,0,2,5824.861
2011,3,9,5,38,0,2,5824.86
2011,3,9,5,37,0,2,5824.859
2011,3,9,5,36,0,2,5824.858
2011,3,9,5,35,0,2,5824.856
2011,3,9,5,34,0,2,5824.855
2011,3,9,5,33,0,2,5824.854
2011,3,9,5,32,0,2,5824.851
2011,3,9,5,31,0,2,5824.848
2011,3,9,5,30,0,2,5824.846
2011,3,9,5,30,0,1,9999
2011,3,9,5,29,0,2,5824.845
2011,3,9,5,28,0,2,5824.844
2011,3,9,5,27,0,2,5824.843
2011,3,9,5,26,0,2,5824.841
2011,3,9,5,25,0,2,5824.84
2011,3,9,5,24,0,2,5824.837
2011,3,9,5,23,0,2,5824.835
2011,3,9,5,22,0,2,5824.833
2011,3,9,5,21,0,2,5824.832
2011,3,9,5,20,0,2,5824.831
2011,3,9,5,19,0,2,5824.832
2011,3,9,5,18,0,2,5824.831
2011,3,9,5,17,0,2,5824.83
2011,3,9,5,16,0,2,5824.827
2011,3,9,5,15,0,2,5824.825
2011,3,9,5,15,0,1,9999
2011,3,9,5,14,0,2,5824.822
2011,3,9,5,13,0,2,5824.821
2011,3,9,5,12,0,2,5824.82
2011,3,9,5,11,0,2,5824.819
2011,3,9,5,10,0,2,5824.817
2011,3,9,5,9,0,2,5824.816
2011,3,9,5,8,0,2,5824.814
2011,3,9,5,7,0,2,5824.811
2011,3,9,5,6,0,2,5824.812
2011,3,9,5,5,0,2,5824.81
2011,3,9,5,4,0,2,5824.808
2011,3,9,5,3,0,2,5824.807
2011,3,9,5,2,0,2,5824.806
2011,3,9,5,1,0,2,5824.804
2011,3,9,5,0,0,2,5824.802
2011,3,9,5,0,0,1,9999
2011,3,9,4,59,0,2,5824.8
2011,3,9,4,58,0,2,5824.797
2011,3,9,4,57,0,2,5824.798
2011,3,9,4,56,0,2,5824.795
2011,3,9,4,55,0,2,5824.794
2011,3,9,4,54,0,2,5824.794
2011,3,9,4,53,0,2,5824.792
2011,3,9,4,52,0,2,5824.791
2011,3,9,4,51,0,2,5824.79
2011,3,9,4,50,0,2,5824.788
2011,3,9,4,49,0,2,5824.787
2011,3,9,4,48,0,2,5824.787
2011,3,9,4,47,0,2,5824.785
2011,3,9,4,46,0,2,5824.784
2011,3,9,4,45,0,2,5824.783
2011,3,9,4,45,0,1,9999
2011,3,9,4,44,0,2,5824.782
2011,3,9,4,43,0,2,5824.781
2011,3,9,4,42,0,2,5824.779
2011,3,9,4,41,0,2,5824.777
2011,3,9,4,40,0,2,5824.776
2011,3,9,4,39,0,2,5824.774
2011,3,9,4,38,0,2,5824.772
2011,3,9,4,37,0,2,5824.771
2011,3,9,4,36,0,2,5824.77
2011,3,9,4,35,0,2,5824.769
2011,3,9,4,34,0,2,5824.767
2011,3,9,4,33,0,2,5824.766
2011,3,9,4,32,0,2,5824.765
2011,3,9,4,31,0,2,5824.765
2011,3,9,4,30,0,2,5824.763
2011,3,9,4,30,0,1,9999
2011,3,9,4,29,0,2,5824.761
2011,3,9,4,28,0,2,5824.76
2011,3,9,4,27,0,2,5824.759
2011,3,9,4,26,0,2,5824.759
2011,3,9,4,25,0,2,5824.758
2011,3,9,4,24,0,2,5824.756
2011,3,9,4,23,0,2,5824.755
2011,3,9,4,22,0,2,5824.754
2011,3,9,4,21,0,2,5824.754
2011,3,9,4,20,0,2,5824.748
2011,3,9,4,19,0,2,5824.746
2011,3,9,4,18,0,2,5824.741
2011,3,9,4,17,0,2,5824.739
2011,3,9,4,16,0,2,5824.743
2011,3,9,4,15,0,2,5824.747
2011,3,9,4,15,0,1,9999
2011,3,9,4,14,0,2,5824.747
2011,3,9,4,13,0,2,5824.748
2011,3,9,4,12,0,2,5824.75
2011,3,9,4,11,0,2,5824.745
2011,3,9,4,10,0,2,5824.744
2011,3,9,4,9,0,2,5824.742
2011,3,9,4,8,0,2,5824.741
2011,3,9,4,7,0,2,5824.737
2011,3,9,4,6,0,2,5824.735
2011,3,9,4,5,0,2,5824.735
2011,3,9,4,4,0,2,5824.733
2011,3,9,4,3,0,2,5824.731
2011,3,9,4,2,0,2,5824.732
2011,3,9,4,1,0,2,5824.729
2011,3,9,4,0,0,2,5824.73
2011,3,9,4,0,0,1,9999
2011,3,9,3,59,0,2,5824.727
2011,3,9,3,58,0,2,5824.726
2011,3,9,3,57,0,2,5824.726
2011,3,9,3,56,0,2,5824.725
2011,3,9,3,55,0,2,5824.723
2011,3,9,3,54,0,2,5824.724
2011,3,9,3,53,0,2,5824.723
2011,3,9,3,52,0,2,5824.72
2011,3,9,3,51,0,2,5824.724
2011,3,9,3,50,0,2,5824.716
2011,3,9,3,49,0,2,5824.721
2011,3,9,3,48,0,2,5824.721
2011,3,9,3,47,0,2,5824.715
2011,3,9,3,46,0,2,5824.718
2011,3,9,3,45,0,2,5824.718
2011,3,9,3,45,0,1,9999
2011,3,9,3,44,0,2,5824.716
2011,3,9,3,43,0,2,5824.715
2011,3,9,3,42,0,2,5824.716
2011,3,9,3,41,0,2,5824.71
2011,3,9,3,40,0,2,5824.714
2011,3,9,3,39,0,2,5824.713
2011,3,9,3,38,0,2,5824.713
2011,3,9,3,37,0,2,5824.71
2011,3,9,3,36,0,2,5824.71
2011,3,9,3,35,0,2,5824.711
2011,3,9,3,34,0,2,5824.706
2011,3,9,3,33,0,2,5824.713
2011,3,9,3,32,0,2,5824.707
2011,3,9,3,31,0,2,5824.704
2011,3,9,3,30,0,2,5824.707
2011,3,9,3,30,0,1,9999
2011,3,9,3,29,0,2,5824.706
2011,3,9,3,28,0,2,5824.704
2011,3,9,3,27,0,2,5824.707
2011,3,9,3,26,0,2,5824.705
2011,3,9,3,25,0,2,5824.702
2011,3,9,3,24,0,2,5824.705
2011,3,9,3,23,0,2,5824.705
2011,3,9,3,22,0,2,5824.7
2011,3,9,3,21,0,2,5824.699
2011,3,9,3,20,0,2,5824.704
2011,3,9,3,19,0,2,5824.697
2011,3,9,3,18,0,2,5824.705
2011,3,9,3,17,0,2,5824.699
2011,3,9,3,16,0,2,5824.709
2011,3,9,3,15,0,2,5824.689
2011,3,9,3,15,0,1,9999
2011,3,9,3,14,0,2,5824.704
2011,3,9,3,13,0,2,5824.694
2011,3,9,3,12,0,2,5824.698
2011,3,9,3,11,0,2,5824.7
2011,3,9,3,10,0,2,5824.704
2011,3,9,3,9,0,2,5824.697
2011,3,9,3,8,0,2,5824.696
2011,3,9,3,7,0,2,5824.692
2011,3,9,3,6,0,2,5824.7
2011,3,9,3,5,0,2,5824.698
2011,3,9,3,4,0,2,5824.701
2011,3,9,3,3,0,2,5824.692
2011,3,9,3,2,0,2,5824.696
2011,3,9,3,1,0,2,5824.704
2011,3,9,3,0,0,2,5824.694
2011,3,9,3,0,0,1,9999
2011,3,9,2,59,0,2,5824.701
2011,3,9,2,58,0,2,5824.693
2011,3,9,2,57,0,2,5824.702
2011,3,9,2,56,0,2,5824.691
2011,3,9,2,55,0,3,5824.696
2011,3,9,2,55,0,2,5824.699
2011,3,9,2,54,45,3,5824.693
2011,3,9,2,54,30,3,5824.692
2011,3,9,2,54,15,3,5824.695
2011,3,9,2,54,0,3,5824.689
2011,3,9,2,54,0,2,5824.692
2011,3,9,2,53,45,3,5824.689
2011,3,9,2,53,30,3,5824.709
2011,3,9,2,53,15,3,5824.715
2011,3,9,2,53,0,3,5824.679
2011,3,9,2,53,0,2,5824.698
2011,3,9,2,52,45,3,5824.693
2011,3,9,2,52,30,3,5824.693
2011,3,9,2,52,15,3,5824.709
2011,3,9,2,52,0,3,5824.702
2011,3,9,2,52,0,2,5824.699
2011,3,9,2,51,45,3,5824.663
2011,3,9,2,51,30,3,5824.705
2011,3,9,2,51,15,3,5824.718
2011,3,9,2,51,0,2,5824.691
2011,3,9,2,50,0,2,5824.697
2011,3,9,2,49,0,2,5824.696
2011,3,9,2,48,0,2,5824.696
2011,3,9,2,47,0,2,5824.696
2011,3,9,2,46,0,2,5824.696
2011,3,9,2,45,0,2,5824.696
2011,3,9,2,45,0,1,9999
2011,3,9,2,44,0,2,5824.696
2011,3,9,2,43,0,2,5824.695
2011,3,9,2,42,0,2,5824.695
2011,3,9,2,41,0,2,5824.695
2011,3,9,2,40,0,2,5824.694
2011,3,9,2,39,0,2,5824.695
2011,3,9,2,38,0,2,5824.695
2011,3,9,2,37,0,2,5824.696
2011,3,9,2,36,0,2,5824.697
2011,3,9,2,35,0,2,5824.696
2011,3,9,2,34,0,2,5824.697
2011,3,9,2,33,0,2,5824.697
2011,3,9,2,32,0,2,5824.697
2011,3,9,2,31,0,2,5824.697
2011,3,9,2,30,0,2,5824.697
2011,3,9,2,30,0,1,9999
2011,3,9,2,29,0,2,5824.697
2011,3,9,2,28,0,2,5824.698
2011,3,9,2,27,0,2,5824.699
2011,3,9,2,26,0,2,5824.698
2011,3,9,2,25,0,2,5824.699
2011,3,9,2,24,0,2,5824.7
2011,3,9,2,23,0,2,5824.699
2011,3,9,2,22,0,2,5824.7
2011,3,9,2,21,0,2,5824.701
2011,3,9,2,20,0,2,5824.701
2011,3,9,2,19,0,2,5824.702
2011,3,9,2,18,0,2,5824.703
2011,3,9,2,17,0,2,5824.703
2011,3,9,2,16,0,2,5824.703
2011,3,9,2,15,0,2,5824.704
2011,3,9,2,15,0,1,9999
2011,3,9,2,14,0,2,5824.705
2011,3,9,2,13,0,2,5824.705
2011,3,9,2,12,0,2,5824.706
2011,3,9,2,11,0,2,5824.706
2011,3,9,2,10,0,2,5824.708
2011,3,9,2,9,0,2,5824.709
2011,3,9,2,8,0,2,5824.71
2011,3,9,2,7,0,2,5824.71
2011,3,9,2,6,0,2,5824.712
2011,3,9,2,5,0,2,5824.713
2011,3,9,2,4,0,2,5824.714
2011,3,9,2,3,0,2,5824.715
2011,3,9,2,2,0,2,5824.716
2011,3,9,2,1,0,2,5824.716
2011,3,9,2,0,0,2,5824.716
2011,3,9,2,0,0,1,5824.717
2011,3,9,1,59,0,2,5824.718
2011,3,9,1,58,0,2,5824.719
2011,3,9,1,57,0,2,5824.72
2011,3,9,1,56,0,2,5824.721
2011,3,9,1,55,0,2,5824.722
2011,3,9,1,54,0,2,5824.723
2011,3,9,1,53,0,2,5824.723
2011,3,9,1,52,0,2,5824.725
2011,3,9,1,51,0,2,5824.726
2011,3,9,1,50,0,2,5824.726
2011,3,9,1,49,0,2,5824.728
2011,3,9,1,48,0,2,5824.73
2011,3,9,1,47,0,2,5824.729
2011,3,9,1,46,0,2,5824.731
2011,3,9,1,45,0,2,5824.732
2011,3,9,1,45,0,1,5824.733
2011,3,9,1,44,0,2,5824.733
2011,3,9,1,43,0,2,5824.735
2011,3,9,1,42,0,2,5824.736
2011,3,9,1,41,0,2,5824.736
2011,3,9,1,40,0,2,5824.738
2011,3,9,1,39,0,2,5824.739
2011,3,9,1,38,0,2,5824.74
2011,3,9,1,37,0,2,5824.741
2011,3,9,1,36,0,2,5824.742
2011,3,9,1,35,0,2,5824.744
2011,3,9,1,34,0,2,5824.745
2011,3,9,1,33,0,2,5824.746
2011,3,9,1,32,0,2,5824.747
2011,3,9,1,31,0,2,5824.748
2011,3,9,1,30,0,2,5824.749
2011,3,9,1,30,0,1,5824.749
2011,3,9,1,29,0,2,5824.75
2011,3,9,1,28,0,2,5824.751
2011,3,9,1,27,0,2,5824.752
2011,3,9,1,26,0,2,5824.753
2011,3,9,1,25,0,2,5824.754
2011,3,9,1,24,0,2,5824.756
2011,3,9,1,23,0,2,5824.756
2011,3,9,1,22,0,2,5824.758
2011,3,9,1,21,0,2,5824.759
2011,3,9,1,20,0,2,5824.76
2011,3,9,1,19,0,2,5824.761
2011,3,9,1,18,0,2,5824.763
2011,3,9,1,17,0,2,5824.764
2011,3,9,1,16,0,2,5824.765
2011,3,9,1,15,0,2,5824.767
2011,3,9,1,15,0,1,5824.767
2011,3,9,1,14,0,2,5824.768
2011,3,9,1,13,0,2,5824.769
2011,3,9,1,12,0,2,5824.771
2011,3,9,1,11,0,2,5824.772
2011,3,9,1,10,0,2,5824.773
2011,3,9,1,9,0,2,5824.775
2011,3,9,1,8,0,2,5824.776
2011,3,9,1,7,0,2,5824.778
2011,3,9,1,6,0,2,5824.779
2011,3,9,1,5,0,2,5824.78
2011,3,9,1,4,0,2,5824.781
2011,3,9,1,3,0,2,5824.783
2011,3,9,1,2,0,2,5824.784
2011,3,9,1,1,0,2,5824.786
2011,3,9,1,0,0,2,5824.787
2011,3,9,1,0,0,1,5824.788
2011,3,9,0,45,0,1,5824.81
2011,3,9,0,30,0,1,5824.833
2011,3,9,0,15,0,1,5824.857
2011,3,9,0,0,0,1,5824.883
2011,3,8,23,45,0,1,5824.912
2011,3,8,23,30,0,1,5824.94
2011,3,8,23,15,0,1,5824.967
2011,3,8,23,0,0,1,5824.995
2011,3,8,22,45,0,1,5825.021
2011,3,8,22,30,0,1,5825.044
2011,3,8,22,15,0,1,5825.065
2011,3,8,22,0,0,1,5825.09
2011,3,8,21,45,0,1,5825.111
2011,3,8,21,30,0,1,5825.127
2011,3,8,21,15,0,1,5825.141
2011,3,8,21,0,0,1,5825.154
2011,3,8,20,45,0,1,5825.162
2011,3,8,20,30,0,1,5825.17
2011,3,8,20,15,0,1,5825.174
2011,3,8,20,0,0,1,5825.173
2011,3,8,19,45,0,1,5825.168
2011,3,8,19,30,0,1,5825.162
2011,3,8,19,15,0,1,5825.152
2011,3,8,19,0,0,1,5825.137
2011,3,8,18,45,0,1,5825.123
2011,3,8,18,30,0,1,5825.107
2011,3,8,18,15,0,1,5825.091
2011,3,8,18,0,0,1,5825.074
2011,3,8,17,45,0,1,5825.054
2011,3,8,17,30,0,1,5825.031
2011,3,8,17,15,0,1,5825.013
2011,3,8,17,0,0,1,5824.992
2011,3,8,16,45,0,1,5824.971
2011,3,8,16,30,0,1,5824.952
2011,3,8,16,15,0,1,5824.932
2011,3,8,16,0,0,1,5824.912
2011,3,8,15,45,0,1,5824.895
2011,3,8,15,30,0,1,5824.88
2011,3,8,15,15,0,1,5824.868
2011,3,8,15,0,0,1,5824.859
2011,3,8,14,45,0,1,5824.85
2011,3,8,14,30,0,1,5824.845
2011,3,8,14,15,0,1,5824.842
2011,3,8,14,0,0,1,5824.839
2011,3,8,13,45,0,1,5824.84
2011,3,8,13,30,0,1,5824.842
2011,3,8,13,15,0,1,5824.848
2011,3,8,13,0,0,1,5824.856
2011,3,8,12,45,0,1,5824.868
2011,3,8,12,30,0,1,5824.88
2011,3,8,12,15,0,1,5824.895
2011,3,8,12,0,0,1,5824.911
2011,3,8,11,45,0,1,5824.93
2011,3,8,11,30,0,1,5824.945
2011,3,8,11,15,0,1,5824.966
2011,3,8,11,0,0,1,5824.985
2011,3,8,10,45,0,1,5825.005
2011,3,8,10,30,0,1,5825.023
2011,3,8,10,15,0,1,5825.039
2011,3,8,10,0,0,1,5825.055
2011,3,8,9,45,0,1,5825.069
2011,3,8,9,30,0,1,5825.08
2011,3,8,9,15,0,1,5825.09
2011,3,8,9,0,0,1,5825.096
2011,3,8,8,45,0,1,5825.103
2011,3,8,8,30,0,1,5825.104
2011,3,8,8,15,0,1,5825.105
2011,3,8,8,0,0,1,5825.1
2011,3,8,7,45,0,1,5825.097
2011,3,8,7,30,0,1,5825.088
2011,3,8,7,15,0,1,5825.077
2011,3,8,7,0,0,1,5825.063
2011,3,8,6,45,0,1,5825.046
2011,3,8,6,30,0,1,5825.027
2011,3,8,6,15,0,1,5825.003
2011,3,8,6,0,0,1,5824.98
2011,3,8,5,45,0,1,5824.954
2011,3,8,5,30,0,1,5824.928
2011,3,8,5,15,0,1,5824.904
2011,3,8,5,0,0,1,5824.878
2011,3,8,4,45,0,1,5824.852
2011,3,8,4,30,0,1,5824.829
2011,3,8,4,15,0,1,5824.807
2011,3,8,4,0,0,1,5824.789
2011,3,8,3,45,0,1,5824.767
2011,3,8,3,30,0,1,5824.751
2011,3,8,3,15,0,1,5824.738
2011,3,8,3,0,0,1,5824.727
2011,3,8,2,45,0,1,5824.722
2011,3,8,2,30,0,1,5824.716
2011,3,8,2,15,0,1,5824.715
2011,3,8,2,0,0,1,5824.718
2011,3,8,1,45,0,1,5824.724
2011,3,8,1,30,0,1,5824.737
2011,3,8,1,15,0,1,5824.749
2011,3,8,1,0,0,1,5824.764
2011,3,8,0,45,0,1,5824.783
2011,3,8,0,30,0,1,5824.806
2011,3,8,0,15,0,1,5824.829
2011,3,8,0,0,0,1,5824.852
